035_02_00_gmx,0.632395833333
036_01_00_gmx,0.696435185185
037_02_00_gmx,0.455821759259
038_02_00_gmx,0.64880787037
039_01_00_gmx,0.613148148148
035_01_00_rd_zeh,0.792928240741
037_01_00_rd_zeh,0.631064814815
039_02_00_rd_zeh,0.458819444444
040_01_00_rd_zeh,0.80181712963
042_01_00_rd_zeh,0.616597222222
043_01_00_rd_zeh,0.630601851852
044_01_00_rd_zeh,0.652743055556
044_02_00_rd_zeh,0.461712962963
045_01_00_rd_zeh,0.801122685185
045_02_00_rd_zeh,0.497071759259
046_01_00_rd_zeh,0.80818287037
046_02_00_rd_zeh,0.485868055556
047_01_00_rd_zeh,0.812546296296
047_02_00_rd_zeh,0.531168981481
048_01_00_rd_zeh,0.644756944444
048_02_00_rd_zeh,0.464247685185
049_01_00_rd_zeh,0.808263888889
049_02_00_rd_zeh,0.477743055556
050_01_00_rd_zeh,0.644548611111
050_02_00_rd_zeh,0.4665625
051_01_00_rd_zeh,0.7909375
051_02_00_rd_zeh,0.808460648148
052_01_00_rd_zeh,0.784201388889
053_01_00_rd_zeh,0.642418981481
053_02_00_rd_zeh,0.460381944444
054_01_00_rd_zeh,0.658020833333
054_02_00_rd_zeh,0.48130787037
055_01_00_rd_zeh,0.636400462963
055_02_00_rd_zeh,0.453368055556
056_01_00_rd_zeh,0.63744212963
056_02_00_rd_zeh,0.477824074074
057_01_00_rd_zeh,0.802361111111
057_02_00_rd_zeh,0.8209375
058_01_00_rd_zeh,0.644502314815
058_02_00_rd_zeh,0.474212962963
059_01_00_rd_zeh,0.646493055556
059_02_00_rd_zeh,0.462962962963
060_01_00_rd_zeh,0.648263888889
061_01_00_rd_zeh,0.7984375
062_01_00_rd_zeh,0.626388888889
062_02_00_rd_zeh,0.615532407407
063_01_00_rd_zeh,0.624027777778
063_02_00_rd_zeh,0.805706018519
064_01_00_rd_zeh,0.615474537037
064_02_00_rd_zeh,0.495787037037
065_01_00_rd_zeh,0.772199074074
065_02_00_rd_zeh,0.639606481481
043_02_00_rd_zeh,0.668599537037
052_02_00_rd_zeh,0.480717592593
061_02_00_rd_zeh,0.619780092593
066_01_00_rd_zeh,0.802685185185
066_02_00_rd_zeh,0.456064814815
067_01_00_rd_zeh,0.776168981481
067_02_00_rd_zeh,0.660555555556
068_01_00_rd_zeh,0.803969907407
068_02_00_rd_zeh,0.47224537037
069_01_00_rd_zeh,0.78869212963
069_02_00_rd_zeh,0.470474537037
070_01_00_rd_zeh,0.809386574074
071_01_00_rd_zeh,0.815243055556
071_02_00_rd_zeh,0.49400462963
072_01_00_rd_zeh,0.625162037037
073_01_00_rd_zeh,0.7653125
073_02_00_rd_zeh,0.738553240741
074_01_00_rd_zeh,0.5828125
075_02_00_rd_zeh,0.62693287037
076_02_00_rd_zeh,0.50462962963
077_01_00_rd_zeh,0.595219907407
078_01_00_rd_zeh,0.774907407407
035_02_00_air_cess,0.646423611111
036_01_00_air_cess,0.709826388889
037_02_00_air_cess,0.467476851852
038_02_00_air_cess,0.659027777778
039_01_00_air_cess,0.618761574074
040_01_00_a_comf,0.788472222222
040_02_00_a_comf,0.460648148148
041_01_00_a_comf,0.650949074074
041_02_00_a_comf,0.454085648148
042_01_00_a_comf,0.602361111111
042_02_00_a_comf,0.763055555556
043_01_00_a_comf,0.617280092593
043_02_00_a_comf,0.638784722222
044_01_00_a_comf,0.628761574074
044_02_00_a_comf,0.451099537037
045_01_00_a_comf,0.788055555556
045_02_00_a_comf,0.471875
046_01_00_a_comf,0.795868055556
046_02_00_a_comf,0.473217592593
047_01_00_a_comf,0.796481481481
047_02_00_a_comf,0.515324074074
048_01_00_a_comf,0.631493055556
048_02_00_a_comf,0.453020833333
049_01_00_a_comf,0.796030092593
049_02_00_a_comf,0.464537037037
050_01_00_a_comf,0.632511574074
050_02_00_a_comf,0.455983796296
051_01_00_a_comf,0.778946759259
051_02_00_a_comf,0.795694444444
052_02_00_a_comf,0.472071759259
053_01_00_a_comf,0.629976851852
053_02_00_a_comf,0.44818287037
054_01_00_a_comf,0.642152777778
054_02_00_a_comf,0.467569444444
055_01_00_a_comf,0.624305555556
055_02_00_a_comf,0.442581018519
056_01_00_a_comf,0.625856481481
057_01_00_a_comf,0.790081018519
057_02_00_a_comf,0.807094907407
058_01_00_a_comf,0.630972222222
058_02_00_a_comf,0.461342592593
059_01_00_a_comf,0.632581018519
059_02_00_a_comf,0.450590277778
060_01_00_a_comf,0.636238425926
061_02_00_a_comf,0.607951388889
062_01_00_a_comf,0.614976851852
062_02_00_a_comf,0.603148148148
063_01_00_a_comf,0.613240740741
063_02_00_a_comf,0.793726851852
064_01_00_a_comf,0.604166666667
064_02_00_a_comf,0.482349537037
065_01_00_a_comf,0.756435185185
039_02_00_a_comf,0.447233796296
052_01_00_a_comf,0.77287037037
056_02_00_a_comf,0.466875
061_01_00_a_comf,0.785543981481
065_02_00_a_comf,0.627060185185
066_01_00_a_comf,0.78994212963
066_02_00_a_comf,0.445023148148
067_01_00_a_comf,0.764247685185
067_02_00_a_comf,0.648136574074
068_01_00_a_comf,0.791238425926
068_02_00_a_comf,0.459618055556
069_01_00_a_comf,0.777291666667
069_02_00_a_comf,0.458680555556
070_01_00_a_comf,0.795081018519
071_01_00_a_comf,0.801481481481
071_02_00_a_comf,0.4796875
072_01_00_a_comf,0.613472222222
073_01_00_a_comf,0.753020833333
073_02_00_a_comf,0.726296296296
074_01_00_a_comf,0.57125
075_02_00_a_comf,0.61193287037
076_02_00_a_comf,0.491608796296
077_01_00_a_comf,0.582939814815
078_01_00_a_comf,0.761701388889
035_01_00_a_comf,0.779826388889
035_02_00_a_comf,0.652395833333
036_01_00_a_comf,0.728865740741
037_01_00_a_comf,0.615891203704
037_02_00_a_comf,0.472743055556
038_01_00_a_comf,0.619571759259
038_02_00_a_comf,0.668344907407
039_01_00_a_comf,0.623969907407
035_01_00_a_power,0.780150462963
035_02_00_a_power,0.652685185185
036_01_00_a_power,0.729166666667
037_01_00_a_power,0.616203703704
037_02_00_a_power,0.473078703704
038_01_00_a_power,0.619884259259
038_02_00_a_power,0.668657407407
039_01_00_a_power,0.624270833333
039_02_00_a_power,0.44755787037
040_01_00_a_power,0.788819444444
040_02_00_a_power,0.461030092593
041_01_00_a_power,0.651342592593
041_02_00_a_power,0.45443287037
042_01_00_a_power,0.602708333333
042_02_00_a_power,0.763726851852
043_01_00_a_power,0.617627314815
044_01_00_a_power,0.629108796296
044_02_00_a_power,0.451388888889
045_01_00_a_power,0.78837962963
045_02_00_a_power,0.472152777778
046_01_00_a_power,0.796226851852
046_02_00_a_power,0.47349537037
047_01_00_a_power,0.796875
047_02_00_a_power,0.515763888889
048_01_00_a_power,0.631805555556
048_02_00_a_power,0.453310185185
049_01_00_a_power,0.796319444444
049_02_00_a_power,0.464780092593
050_01_00_a_power,0.633020833333
050_02_00_a_power,0.456296296296
051_01_00_a_power,0.779247685185
051_02_00_a_power,0.796076388889
052_01_00_a_power,0.773171296296
052_02_00_a_power,0.472465277778
053_01_00_a_power,0.63037037037
053_02_00_a_power,0.448472222222
054_01_00_a_power,0.642546296296
054_02_00_a_power,0.467893518519
055_01_00_a_power,0.624641203704
055_02_00_a_power,0.442858796296
056_02_00_a_power,0.467141203704
057_01_00_a_power,0.790428240741
057_02_00_a_power,0.807673611111
058_01_00_a_power,0.631284722222
058_02_00_a_power,0.461631944444
059_01_00_a_power,0.632928240741
059_02_00_a_power,0.450902777778
060_01_00_a_power,0.636550925926
061_01_00_a_power,0.785902777778
043_02_00_a_power,0.63912037037
056_01_00_a_power,0.626134259259
061_02_00_a_power,0.608240740741
066_01_00_a_power,0.79025462963
062_01_00_a_power,0.61525462963
062_02_00_a_power,0.603472222222
063_01_00_a_power,0.613506944444
063_02_00_a_power,0.794155092593
064_01_00_a_power,0.604479166667
064_02_00_a_power,0.483553240741
065_01_00_a_power,0.756701388889
065_02_00_a_power,0.627511574074
066_02_00_a_power,0.4453125
067_01_00_a_power,0.764513888889
067_02_00_a_power,0.648506944444
068_01_00_a_power,0.79162037037
068_02_00_a_power,0.459930555556
069_01_00_a_power,0.777569444444
069_02_00_a_power,0.458946759259
070_01_00_a_power,0.795497685185
071_01_00_a_power,0.801851851852
071_02_00_a_power,0.480069444444
072_01_00_a_power,0.613796296296
073_01_00_a_power,0.753391203704
073_02_00_a_power,0.726608796296
074_01_00_a_power,0.57162037037
075_02_00_a_power,0.612314814815
076_02_00_a_power,0.492118055556
077_01_00_a_power,0.583310185185
078_01_00_a_power,0.762025462963
035_01_00_a_sad,0.780486111111
035_02_00_a_sad,0.652986111111
036_01_00_a_sad,0.729456018519
037_01_00_a_sad,0.616527777778
037_02_00_a_sad,0.473414351852
038_01_00_a_sad,0.620231481481
038_02_00_a_sad,0.669016203704
039_02_00_a_sad,0.447928240741
040_01_00_a_sad,0.789178240741
040_02_00_a_sad,0.461516203704
041_01_00_a_sad,0.65181712963
041_02_00_a_sad,0.454803240741
042_01_00_a_sad,0.603020833333
042_02_00_a_sad,0.764074074074
043_01_00_a_sad,0.617997685185
044_01_00_a_sad,0.629421296296
044_02_00_a_sad,0.451666666667
045_01_00_a_sad,0.78869212963
045_02_00_a_sad,0.47244212963
046_01_00_a_sad,0.796539351852
046_02_00_a_sad,0.473796296296
047_01_00_a_sad,0.797372685185
047_02_00_a_sad,0.516203703704
048_01_00_a_sad,0.632152777778
048_02_00_a_sad,0.453553240741
049_01_00_a_sad,0.796597222222
049_02_00_a_sad,0.465046296296
050_01_00_a_sad,0.633402777778
050_02_00_a_sad,0.456585648148
051_01_00_a_sad,0.779537037037
051_02_00_a_sad,0.796412037037
052_01_00_a_sad,0.773518518519
053_01_00_a_sad,0.630856481481
053_02_00_a_sad,0.448796296296
054_01_00_a_sad,0.642951388889
054_02_00_a_sad,0.468217592593
055_01_00_a_sad,0.624976851852
055_02_00_a_sad,0.443171296296
056_01_00_a_sad,0.626458333333
056_02_00_a_sad,0.46744212963
057_01_00_a_sad,0.790810185185
057_02_00_a_sad,0.808032407407
058_01_00_a_sad,0.631701388889
058_02_00_a_sad,0.46193287037
059_01_00_a_sad,0.633310185185
059_02_00_a_sad,0.451226851852
060_01_00_a_sad,0.636851851852
061_01_00_a_sad,0.78630787037
039_01_00_a_sad,0.62462962963
043_02_00_a_sad,0.639502314815
052_02_00_a_sad,0.47275462963
061_02_00_a_sad,0.608564814815
062_01_00_a_sad,0.615543981481
062_02_00_a_sad,0.60380787037
063_01_00_a_sad,0.61380787037
063_02_00_a_sad,0.794525462963
064_01_00_a_sad,0.604756944444
064_02_00_a_sad,0.483935185185
065_01_00_a_sad,0.756979166667
065_02_00_a_sad,0.627824074074
066_01_00_a_sad,0.790520833333
066_02_00_a_sad,0.445578703704
067_01_00_a_sad,0.764780092593
067_02_00_a_sad,0.648831018519
068_01_00_a_sad,0.792013888889
068_02_00_a_sad,0.460266203704
069_01_00_a_sad,0.777893518519
069_02_00_a_sad,0.459201388889
070_01_00_a_sad,0.7959375
071_01_00_a_sad,0.802175925926
071_02_00_a_sad,0.480486111111
072_01_00_a_sad,0.614131944444
073_01_00_a_sad,0.753703703704
073_02_00_a_sad,0.72693287037
074_01_00_a_sad,0.57193287037
075_02_00_a_sad,0.612708333333
076_02_00_a_sad,0.492858796296
077_01_00_a_sad,0.583611111111
078_01_00_a_sad,0.762361111111
035_01_00_a_smile,0.780902777778
035_02_00_a_smile,0.653310185185
036_01_00_a_smile,0.729733796296
037_01_00_a_smile,0.616851851852
037_02_00_a_smile,0.474189814815
038_01_00_a_smile,0.620520833333
038_02_00_a_smile,0.669606481481
039_01_00_a_smile,0.624965277778
039_02_00_a_smile,0.448229166667
040_01_00_a_smile,0.789560185185
040_02_00_a_smile,0.462025462963
041_01_00_a_smile,0.65224537037
041_02_00_a_smile,0.455173611111
042_01_00_a_smile,0.603321759259
042_02_00_a_smile,0.764409722222
043_02_00_a_smile,0.639884259259
044_01_00_a_smile,0.629710648148
044_02_00_a_smile,0.452002314815
045_01_00_a_smile,0.788958333333
045_02_00_a_smile,0.472743055556
046_01_00_a_smile,0.79681712963
046_02_00_a_smile,0.474143518519
047_01_00_a_smile,0.798460648148
048_01_00_a_smile,0.632465277778
048_02_00_a_smile,0.453842592593
049_01_00_a_smile,0.796886574074
049_02_00_a_smile,0.465300925926
050_01_00_a_smile,0.63375
050_02_00_a_smile,0.456875
051_01_00_a_smile,0.779837962963
051_02_00_a_smile,0.796747685185
052_02_00_a_smile,0.473055555556
053_01_00_a_smile,0.631284722222
053_02_00_a_smile,0.449224537037
054_01_00_a_smile,0.643321759259
054_02_00_a_smile,0.468576388889
055_01_00_a_smile,0.625300925926
055_02_00_a_smile,0.443460648148
056_01_00_a_smile,0.626724537037
057_01_00_a_smile,0.791145833333
057_02_00_a_smile,0.80837962963
058_01_00_a_smile,0.632002314815
058_02_00_a_smile,0.46224537037
059_01_00_a_smile,0.633703703704
059_02_00_a_smile,0.451539351852
060_01_00_a_smile,0.637152777778
043_01_00_a_smile,0.618263888889
047_02_00_a_smile,0.516631944444
052_01_00_a_smile,0.773819444444
056_02_00_a_smile,0.467719907407
061_01_00_a_smile,0.786701388889
065_02_00_a_smile,0.628136574074
070_01_00_a_smile,0.79630787037
061_02_00_a_smile,0.608888888889
062_01_00_a_smile,0.615833333333
062_02_00_a_smile,0.604131944444
063_01_00_a_smile,0.614108796296
063_02_00_a_smile,0.794884259259
064_01_00_a_smile,0.60505787037
064_02_00_a_smile,0.484722222222
065_01_00_a_smile,0.757280092593
066_01_00_a_smile,0.790821759259
066_02_00_a_smile,0.445844907407
067_01_00_a_smile,0.765092592593
067_02_00_a_smile,0.649143518519
068_01_00_a_smile,0.792361111111
068_02_00_a_smile,0.460636574074
069_01_00_a_smile,0.778217592593
069_02_00_a_smile,0.459490740741
071_01_00_a_smile,0.802534722222
071_02_00_a_smile,0.480868055556
072_01_00_a_smile,0.614456018519
073_01_00_a_smile,0.753993055556
073_02_00_a_smile,0.727268518519
074_01_00_a_smile,0.572233796296
075_02_00_a_smile,0.613009259259
076_02_00_a_smile,0.493263888889
077_01_00_a_smile,0.583912037037
078_01_00_a_smile,0.762638888889
035_02_00_coffee,0.634293981481
036_01_00_coffee,0.698425925926
037_02_00_coffee,0.457951388889
035_01_00_counting,0.772025462963
035_02_00_counting,0.641782407407
036_01_00_counting,0.70369212963
037_01_00_counting,0.608518518519
037_02_00_counting,0.461168981481
038_01_00_counting,0.611990740741
038_02_00_counting,0.652476851852
039_01_00_counting,0.615706018519
039_02_00_counting,0.440416666667
040_01_00_counting,0.779652777778
040_02_00_counting,0.450219907407
041_01_00_counting,0.641006944444
041_02_00_counting,0.445648148148
042_01_00_counting,0.594814814815
042_02_00_counting,0.75537037037
043_02_00_counting,0.629768518519
044_01_00_counting,0.621516203704
044_02_00_counting,0.444583333333
045_01_00_counting,0.780775462963
045_02_00_counting,0.463935185185
046_01_00_counting,0.787280092593
046_02_00_counting,0.465810185185
047_01_00_counting,0.786539351852
048_01_00_counting,0.624039351852
048_02_00_counting,0.447060185185
049_01_00_counting,0.7875
049_02_00_counting,0.457418981481
050_01_00_counting,0.62462962963
050_02_00_counting,0.447928240741
051_01_00_counting,0.772337962963
051_02_00_counting,0.787511574074
052_02_00_counting,0.466631944444
053_01_00_counting,0.621215277778
053_02_00_counting,0.441041666667
054_01_00_counting,0.632430555556
054_02_00_counting,0.459375
055_01_00_counting,0.616053240741
055_02_00_counting,0.435625
056_01_00_counting,0.618148148148
043_01_00_counting,0.609074074074
047_02_00_counting,0.501527777778
052_01_00_counting,0.766261574074
056_02_00_counting,0.460972222222
061_01_00_counting,0.776226851852
070_01_00_counting,0.78693287037
057_01_00_counting,0.782199074074
057_02_00_counting,0.79755787037
058_01_00_counting,0.622349537037
058_02_00_counting,0.453611111111
059_01_00_counting,0.623645833333
059_02_00_counting,0.443402777778
060_01_00_counting,0.628148148148
061_02_00_counting,0.600023148148
062_01_00_counting,0.608125
062_02_00_counting,0.595717592593
063_01_00_counting,0.607152777778
063_02_00_counting,0.785185185185
064_01_00_counting,0.596736111111
064_02_00_counting,0.4753125
065_01_00_counting,0.74880787037
065_02_00_counting,0.619189814815
066_01_00_counting,0.779178240741
066_02_00_counting,0.43818287037
067_01_00_counting,0.75681712963
067_02_00_counting,0.639525462963
068_01_00_counting,0.783125
068_02_00_counting,0.451956018519
069_01_00_counting,0.770358796296
069_02_00_counting,0.451006944444
071_01_00_counting,0.790775462963
071_02_00_counting,0.468622685185
072_01_00_counting,0.606550925926
073_01_00_counting,0.744710648148
073_02_00_counting,0.717974537037
074_01_00_counting,0.563576388889
075_02_00_counting,0.603784722222
076_02_00_counting,0.483252314815
077_01_00_counting,0.574143518519
078_01_00_counting,0.753865740741
035_01_00_cup,0.744560185185
035_02_00_cup,0.609675925926
036_01_00_cup,0.659444444444
037_01_00_cup,0.579155092593
037_02_00_cup,0.429861111111
038_01_00_cup,0.583923611111
038_02_00_cup,0.612048611111
039_02_00_cup,0.416469907407
040_01_00_cup,0.745694444444
040_02_00_cup,0.425462962963
041_01_00_cup,0.608900462963
041_02_00_cup,0.411793981481
042_01_00_cup,0.569166666667
042_02_00_cup,0.73625
043_01_00_cup,0.582037037037
043_02_00_cup,0.605451388889
044_01_00_cup,0.601944444444
044_02_00_cup,0.421284722222
045_01_00_cup,0.75474537037
045_02_00_cup,0.445081018519
046_01_00_cup,0.76587962963
046_02_00_cup,0.435486111111
047_01_00_cup,0.75443287037
047_02_00_cup,0.469594907407
048_01_00_cup,0.601747685185
048_02_00_cup,0.422094907407
049_01_00_cup,0.765347222222
049_02_00_cup,0.428113425926
050_01_00_cup,0.600462962963
050_02_00_cup,0.421111111111
051_01_00_cup,0.746226851852
051_02_00_cup,0.765648148148
052_01_00_cup,0.743587962963
052_02_00_cup,0.442233796296
053_01_00_cup,0.600787037037
053_02_00_cup,0.418645833333
054_01_00_cup,0.605405092593
054_02_00_cup,0.425717592593
055_01_00_cup,0.597060185185
055_02_00_cup,0.413043981481
056_01_00_cup,0.594467592593
056_02_00_cup,0.43837962963
057_02_00_cup,0.771284722222
058_01_00_cup,0.602199074074
058_02_00_cup,0.427627314815
059_01_00_cup,0.598657407407
059_02_00_cup,0.418472222222
060_01_00_cup,0.607789351852
061_01_00_cup,0.755775462963
061_02_00_cup,0.575543981481
039_01_00_cup,0.594398148148
062_01_00_cup,0.5825
062_02_00_cup,0.575509259259
063_01_00_cup,0.5840625
063_02_00_cup,0.766041666667
064_01_00_cup,0.568518518519
064_02_00_cup,0.451400462963
065_01_00_cup,0.724224537037
065_02_00_cup,0.59962962963
066_01_00_cup,0.759849537037
066_02_00_cup,0.415613425926
067_01_00_cup,0.733032407407
067_02_00_cup,0.621435185185
068_01_00_cup,0.762418981481
068_02_00_cup,0.426782407407
069_01_00_cup,0.755266203704
069_02_00_cup,0.42806712963
070_01_00_cup,0.762962962963
071_01_00_cup,0.761377314815
071_02_00_cup,0.445486111111
072_01_00_cup,0.58224537037
073_01_00_cup,0.721423611111
073_02_00_cup,0.691574074074
074_01_00_cup,0.542175925926
075_02_00_cup,0.583020833333
076_02_00_cup,0.460196759259
077_01_00_cup,0.554490740741
035_02_00_dry,0.644606481481
036_01_00_dry,0.708368055556
037_02_00_dry,0.465914351852
038_02_00_dry,0.657152777778
035_02_00_embassy,0.64380787037
036_01_00_embassy,0.70755787037
037_02_00_embassy,0.46525462963
038_02_00_embassy,0.656331018519
035_02_00_emergency,0.643587962963
036_01_00_emergency,0.705289351852
037_02_00_emergency,0.463125
038_02_00_emergency,0.654212962963
035_02_00_evening,0.642696759259
036_01_00_evening,0.704525462963
037_02_00_evening,0.462314814815
038_02_00_evening,0.653356481481
040_01_00_face,0.749930555556
040_02_00_face,0.430300925926
041_01_00_face,0.613993055556
041_02_00_face,0.416967592593
042_01_00_face,0.572210648148
042_02_00_face,0.739733796296
043_01_00_face,0.585289351852
043_02_00_face,0.609664351852
044_01_00_face,0.604895833333
044_02_00_face,0.424444444444
045_01_00_face,0.758298611111
045_02_00_face,0.44875
046_01_00_face,0.770868055556
046_02_00_face,0.439282407407
047_01_00_face,0.758657407407
047_02_00_face,0.474224537037
048_01_00_face,0.605590277778
048_02_00_face,0.425150462963
049_01_00_face,0.769780092593
049_02_00_face,0.434826388889
050_01_00_face,0.605752314815
050_02_00_face,0.425590277778
051_01_00_face,0.7496875
051_02_00_face,0.76974537037
052_02_00_face,0.445844907407
053_01_00_face,0.604583333333
053_02_00_face,0.421469907407
054_01_00_face,0.610185185185
054_02_00_face,0.43
055_01_00_face,0.600868055556
055_02_00_face,0.416099537037
056_01_00_face,0.601087962963
057_01_00_face,0.757349537037
057_02_00_face,0.775451388889
058_01_00_face,0.60599537037
058_02_00_face,0.431666666667
059_01_00_face,0.60212962963
059_02_00_face,0.421550925926
060_01_00_face,0.611423611111
061_02_00_face,0.57912037037
062_01_00_face,0.585555555556
062_02_00_face,0.578900462963
063_01_00_face,0.587916666667
063_02_00_face,0.769722222222
064_01_00_face,0.572372685185
064_02_00_face,0.456099537037
065_01_00_face,0.728368055556
039_02_00_face,0.419733796296
052_01_00_face,0.746944444444
056_02_00_face,0.441284722222
061_01_00_face,0.759513888889
065_02_00_face,0.603252314815
066_01_00_face,0.76306712963
066_02_00_face,0.418310185185
067_01_00_face,0.736076388889
067_02_00_face,0.62474537037
068_01_00_face,0.766284722222
068_02_00_face,0.430127314815
069_01_00_face,0.75806712963
069_02_00_face,0.430613425926
070_01_00_face,0.76744212963
071_01_00_face,0.764884259259
071_02_00_face,0.449618055556
072_01_00_face,0.585520833333
073_01_00_face,0.726076388889
073_02_00_face,0.695810185185
074_01_00_face,0.546354166667
075_02_00_face,0.586493055556
076_02_00_face,0.464375
077_01_00_face,0.557708333333
035_01_00_face,0.747766203704
035_02_00_face,0.613090277778
036_01_00_face,0.663252314815
037_01_00_face,0.583321759259
037_02_00_face,0.43400462963
038_01_00_face,0.586701388889
038_02_00_face,0.616666666667
039_01_00_face,0.597696759259
035_02_00_flight,0.657199074074
036_01_00_flight,0.736666666667
037_02_00_flight,0.480555555556
035_02_00_fridge,0.635497685185
036_01_00_fridge,0.69962962963
037_02_00_fridge,0.459571759259
035_02_00_friesen,0.642430555556
036_01_00_friesen,0.704282407407
037_02_00_friesen,0.462048611111
038_02_00_friesen,0.653113425926
035_02_00_frontdoor,0.635023148148
036_01_00_frontdoor,0.699166666667
037_02_00_frontdoor,0.459097222222
035_01_00_gangrene,0.745590277778
035_02_00_gangrene,0.610833333333
036_01_00_gangrene,0.660752314815
037_01_00_gangrene,0.580474537037
037_02_00_gangrene,0.431365740741
038_01_00_gangrene,0.584722222222
038_02_00_gangrene,0.613587962963
039_01_00_gangrene,0.59568287037
039_02_00_gangrene,0.417465277778
040_01_00_gangrene,0.747118055556
040_02_00_gangrene,0.427025462963
041_01_00_gangrene,0.61056712963
041_02_00_gangrene,0.413344907407
042_01_00_gangrene,0.570208333333
042_02_00_gangrene,0.737395833333
043_02_00_gangrene,0.606944444444
044_01_00_gangrene,0.602997685185
044_02_00_gangrene,0.422280092593
045_01_00_gangrene,0.755763888889
045_02_00_gangrene,0.446261574074
046_01_00_gangrene,0.767407407407
046_02_00_gangrene,0.436724537037
047_01_00_gangrene,0.755613425926
048_01_00_gangrene,0.603240740741
048_02_00_gangrene,0.423113425926
049_01_00_gangrene,0.766736111111
049_02_00_gangrene,0.429594907407
050_01_00_gangrene,0.602708333333
050_02_00_gangrene,0.422453703704
051_01_00_gangrene,0.747222222222
051_02_00_gangrene,0.767141203704
052_02_00_gangrene,0.443321759259
053_01_00_gangrene,0.602534722222
053_02_00_gangrene,0.419548611111
054_01_00_gangrene,0.607291666667
054_02_00_gangrene,0.427164351852
055_01_00_gangrene,0.598240740741
055_02_00_gangrene,0.413854166667
056_01_00_gangrene,0.598912037037
043_01_00_gangrene,0.582939814815
047_02_00_gangrene,0.471168981481
052_01_00_gangrene,0.744641203704
056_02_00_gangrene,0.439247685185
061_01_00_gangrene,0.757002314815
065_02_00_gangrene,0.600868055556
057_01_00_gangrene,0.755543981481
057_02_00_gangrene,0.77306712963
058_01_00_gangrene,0.603506944444
058_02_00_gangrene,0.429027777778
059_01_00_gangrene,0.599722222222
059_02_00_gangrene,0.419490740741
060_01_00_gangrene,0.609085648148
061_02_00_gangrene,0.576793981481
062_01_00_gangrene,0.583425925926
062_02_00_gangrene,0.576840277778
063_01_00_gangrene,0.585648148148
063_02_00_gangrene,0.7675
064_01_00_gangrene,0.569733796296
064_02_00_gangrene,0.452685185185
065_01_00_gangrene,0.725740740741
066_01_00_gangrene,0.760972222222
066_02_00_gangrene,0.416527777778
067_01_00_gangrene,0.73400462963
067_02_00_gangrene,0.622488425926
068_01_00_gangrene,0.76380787037
068_02_00_gangrene,0.427731481481
069_01_00_gangrene,0.756168981481
069_02_00_gangrene,0.428865740741
070_01_00_gangrene,0.764328703704
071_01_00_gangrene,0.762372685185
071_02_00_gangrene,0.447013888889
072_01_00_gangrene,0.583263888889
073_01_00_gangrene,0.72306712963
073_02_00_gangrene,0.692731481481
074_01_00_gangrene,0.543460648148
075_02_00_gangrene,0.584201388889
076_02_00_gangrene,0.461527777778
077_01_00_gangrene,0.555648148148
035_02_00_hamburg,0.644351851852
036_01_00_hamburg,0.708113425926
037_02_00_hamburg,0.465717592593
038_02_00_hamburg,0.656909722222
035_02_00_hopp,0.631990740741
036_01_00_hopp,0.695381944444
037_02_00_hopp,0.455405092593
038_02_00_hopp,0.648171296296
039_01_00_hopp,0.612627314815
035_02_00_juliet,0.645798611111
036_01_00_juliet,0.709224537037
037_02_00_juliet,0.466863425926
038_02_00_juliet,0.658206018519
039_01_00_juliet,0.618194444444
036_01_00_laundry,0.698680555556
037_02_00_laundry,0.458622685185
035_01_00_ocean,0.739537037037
035_02_00_ocean,0.604548611111
036_01_00_ocean,0.651805555556
037_01_00_ocean,0.573553240741
037_02_00_ocean,0.424606481481
038_01_00_ocean,0.579803240741
038_02_00_ocean,0.60625
039_02_00_ocean,0.410555555556
040_01_00_ocean,0.740358796296
040_02_00_ocean,0.41900462963
041_01_00_ocean,0.603472222222
041_02_00_ocean,0.407372685185
042_01_00_ocean,0.563171296296
042_02_00_ocean,0.730196759259
043_01_00_ocean,0.5771875
044_01_00_ocean,0.596840277778
044_02_00_ocean,0.416458333333
045_01_00_ocean,0.749641203704
045_02_00_ocean,0.435127314815
046_01_00_ocean,0.760798611111
046_02_00_ocean,0.429618055556
047_01_00_ocean,0.748865740741
047_02_00_ocean,0.463206018519
048_01_00_ocean,0.596446759259
048_02_00_ocean,0.415243055556
049_01_00_ocean,0.759849537037
049_02_00_ocean,0.422303240741
050_01_00_ocean,0.595706018519
050_02_00_ocean,0.41599537037
051_01_00_ocean,0.741412037037
051_02_00_ocean,0.760601851852
052_01_00_ocean,0.737835648148
053_01_00_ocean,0.595439814815
053_02_00_ocean,0.413206018519
054_01_00_ocean,0.599884259259
054_02_00_ocean,0.420358796296
055_01_00_ocean,0.59181712963
055_02_00_ocean,0.408125
056_01_00_ocean,0.589652777778
056_02_00_ocean,0.433784722222
057_01_00_ocean,0.749201388889
057_02_00_ocean,0.765810185185
058_01_00_ocean,0.597175925926
058_02_00_ocean,0.422476851852
059_01_00_ocean,0.593055555556
059_02_00_ocean,0.413703703704
060_01_00_ocean,0.602777777778
061_01_00_ocean,0.751261574074
039_01_00_ocean,0.589571759259
043_02_00_ocean,0.599837962963
052_02_00_ocean,0.436539351852
061_02_00_ocean,0.570601851852
062_01_00_ocean,0.578217592593
062_02_00_ocean,0.570474537037
063_01_00_ocean,0.579212962963
063_02_00_ocean,0.760798611111
064_01_00_ocean,0.563553240741
064_02_00_ocean,0.445509259259
065_01_00_ocean,0.718877314815
065_02_00_ocean,0.594641203704
066_01_00_ocean,0.755138888889
066_02_00_ocean,0.410856481481
067_01_00_ocean,0.728101851852
067_02_00_ocean,0.616446759259
068_01_00_ocean,0.757210648148
068_02_00_ocean,0.422233796296
069_01_00_ocean,0.750381944444
069_02_00_ocean,0.422905092593
070_01_00_ocean,0.7578125
071_01_00_ocean,0.756099537037
071_02_00_ocean,0.439444444444
072_01_00_ocean,0.577372685185
073_01_00_ocean,0.716203703704
073_02_00_ocean,0.686458333333
074_01_00_ocean,0.537210648148
075_02_00_ocean,0.577476851852
076_02_00_ocean,0.455046296296
077_01_00_ocean,0.549155092593
078_01_00_ocean,0.738240740741
035_02_00_openoffice,0.63337962963
036_01_00_openoffice,0.69744212963
037_02_00_openoffice,0.456828703704
038_02_00_openoffice,0.649849537037
039_01_00_openoffice,0.61400462963
035_02_00_pinkflamingo,0.616215277778
036_01_00_pinkflamingo,0.747013888889
037_02_00_pinkflamingo,0.492233796296
038_02_00_pinkflamingo,0.692777777778
039_01_00_pinkflamingo,0.6453125
042_02_00_pinkflamingo,0.784548611111
043_02_00_pinkflamingo,0.66712962963
044_01_00_pinkflamingo,0.651608796296
045_02_00_pinkflamingo,0.493506944444
046_01_00_pinkflamingo,0.819502314815
047_02_00_pinkflamingo,0.545497685185
048_01_00_pinkflamingo,0.655601851852
035_01_00_present,0.774780092593
036_01_00_present,0.710706018519
037_01_00_present,0.611111111111
037_02_00_present,0.468472222222
038_01_00_present,0.614490740741
038_02_00_present,0.66087962963
039_01_00_present,0.619733796296
040_01_00_present,0.78275462963
040_02_00_present,0.454050925926
041_01_00_present,0.644918981481
041_02_00_present,0.448553240741
042_01_00_present,0.597662037037
042_02_00_present,0.758356481481
043_01_00_present,0.611678240741
043_02_00_present,0.632881944444
044_01_00_present,0.623946759259
044_02_00_present,0.446770833333
045_01_00_present,0.782916666667
045_02_00_present,0.466388888889
046_01_00_present,0.79056712963
046_02_00_present,0.467951388889
047_01_00_present,0.790671296296
047_02_00_present,0.502997685185
048_01_00_present,0.626979166667
048_02_00_present,0.449236111111
049_01_00_present,0.791111111111
049_02_00_present,0.459861111111
050_01_00_present,0.6278125
050_02_00_present,0.450798611111
051_01_00_present,0.775208333333
051_02_00_present,0.79099537037
052_01_00_present,0.768611111111
053_01_00_present,0.624375
053_02_00_present,0.443726851852
054_01_00_present,0.636226851852
054_02_00_present,0.462465277778
055_01_00_present,0.619050925926
055_02_00_present,0.437905092593
056_01_00_present,0.621898148148
056_02_00_present,0.463043981481
057_01_00_present,0.784733796296
057_02_00_present,0.800451388889
058_01_00_present,0.625648148148
058_02_00_present,0.456331018519
059_01_00_present,0.62693287037
059_02_00_present,0.445694444444
060_01_00_present,0.630902777778
061_01_00_present,0.779363425926
039_02_00_present,0.442905092593
052_02_00_present,0.469780092593
061_02_00_present,0.60275462963
066_01_00_present,0.784525462963
062_01_00_present,0.610335648148
062_02_00_present,0.59837962963
063_01_00_present,0.609039351852
063_02_00_present,0.787592592593
064_01_00_present,0.599583333333
064_02_00_present,0.478587962963
065_01_00_present,0.751145833333
065_02_00_present,0.622013888889
066_02_00_present,0.440138888889
067_01_00_present,0.759340277778
067_02_00_present,0.642453703704
068_01_00_present,0.786400462963
068_02_00_present,0.454675925926
069_01_00_present,0.772627314815
069_02_00_present,0.45306712963
070_01_00_present,0.790405092593
071_01_00_present,0.794930555556
071_02_00_present,0.472534722222
072_01_00_present,0.608657407407
073_01_00_present,0.747766203704
073_02_00_present,0.720821759259
074_01_00_present,0.566608796296
075_02_00_present,0.60650462963
076_02_00_present,0.486446759259
077_01_00_present,0.578148148148
078_01_00_present,0.756597222222
035_01_00_rd_butter,0.770694444444
035_02_00_rd_butter,0.635902777778
036_01_00_rd_butter,0.702418981481
037_01_00_rd_butter,0.607210648148
037_02_00_rd_butter,0.459918981481
038_01_00_rd_butter,0.610925925926
038_02_00_rd_butter,0.651296296296
039_01_00_rd_butter,0.614456018519
039_02_00_rd_butter,0.43931712963
040_01_00_rd_butter,0.778321759259
040_02_00_rd_butter,0.448715277778
041_01_00_rd_butter,0.639363425926
041_02_00_rd_butter,0.444467592593
042_01_00_rd_butter,0.593402777778
042_02_00_rd_butter,0.754074074074
043_02_00_rd_butter,0.628425925926
044_01_00_rd_butter,0.620405092593
044_02_00_rd_butter,0.443576388889
045_01_00_rd_butter,0.779606481481
045_02_00_rd_butter,0.462824074074
046_01_00_rd_butter,0.786134259259
046_02_00_rd_butter,0.464710648148
047_01_00_rd_butter,0.785243055556
048_01_00_rd_butter,0.622858796296
048_02_00_rd_butter,0.446030092593
049_01_00_rd_butter,0.786226851852
049_02_00_rd_butter,0.45625
050_01_00_rd_butter,0.623391203704
050_02_00_rd_butter,0.446782407407
051_01_00_rd_butter,0.771087962963
051_02_00_rd_butter,0.786319444444
052_02_00_rd_butter,0.465347222222
053_01_00_rd_butter,0.619895833333
053_02_00_rd_butter,0.439814814815
054_01_00_rd_butter,0.63099537037
054_02_00_rd_butter,0.458090277778
055_01_00_rd_butter,0.614814814815
055_02_00_rd_butter,0.434490740741
056_01_00_rd_butter,0.616990740741
043_01_00_rd_butter,0.60787037037
047_02_00_rd_butter,0.51
052_01_00_rd_butter,0.765185185185
056_02_00_rd_butter,0.459895833333
061_01_00_rd_butter,0.774907407407
065_02_00_rd_butter,0.617905092593
057_01_00_rd_butter,0.781076388889
057_02_00_rd_butter,0.796261574074
058_01_00_rd_butter,0.62087962963
058_02_00_rd_butter,0.452384259259
059_01_00_rd_butter,0.622349537037
059_02_00_rd_butter,0.442361111111
060_01_00_rd_butter,0.626886574074
061_02_00_rd_butter,0.598923611111
062_01_00_rd_butter,0.606921296296
062_02_00_rd_butter,0.594479166667
063_01_00_rd_butter,0.606064814815
063_02_00_rd_butter,0.784027777778
064_01_00_rd_butter,0.595520833333
064_02_00_rd_butter,0.473877314815
065_01_00_rd_butter,0.747731481481
066_01_00_rd_butter,0.777777777778
066_02_00_rd_butter,0.437106481481
067_01_00_rd_butter,0.755625
067_02_00_rd_butter,0.638240740741
068_01_00_rd_butter,0.781736111111
068_02_00_rd_butter,0.450763888889
069_01_00_rd_butter,0.769270833333
069_02_00_rd_butter,0.449918981481
070_01_00_rd_butter,0.785428240741
071_01_00_rd_butter,0.789409722222
071_02_00_rd_butter,0.467199074074
072_01_00_rd_butter,0.605405092593
073_01_00_rd_butter,0.743344907407
073_02_00_rd_butter,0.716840277778
074_01_00_rd_butter,0.562256944444
075_02_00_rd_butter,0.601793981481
076_02_00_rd_butter,0.482002314815
077_01_00_rd_butter,0.572615740741
078_01_00_rd_butter,0.752604166667
035_01_00_rd_faber,0.783703703704
037_01_00_rd_faber,0.620474537037
038_01_00_rd_faber,0.622766203704
038_02_00_rd_faber,0.677326388889
039_01_00_rd_faber,0.627465277778
039_02_00_rd_faber,0.450775462963
040_01_00_rd_faber,0.792384259259
041_01_00_rd_faber,0.654861111111
041_02_00_rd_faber,0.457766203704
042_01_00_rd_faber,0.606493055556
042_02_00_rd_faber,0.767210648148
043_01_00_rd_faber,0.621863425926
043_02_00_rd_faber,0.642534722222
044_01_00_rd_faber,0.632071759259
044_02_00_rd_faber,0.454201388889
045_01_00_rd_faber,0.791851851852
045_02_00_rd_faber,0.47525462963
046_01_00_rd_faber,0.799085648148
046_02_00_rd_faber,0.476805555556
047_01_00_rd_faber,0.801689814815
047_02_00_rd_faber,0.519699074074
048_01_00_rd_faber,0.636631944444
048_02_00_rd_faber,0.456064814815
049_01_00_rd_faber,0.799722222222
049_02_00_rd_faber,0.469224537037
050_01_00_rd_faber,0.636574074074
050_02_00_rd_faber,0.459479166667
051_01_00_rd_faber,0.782476851852
051_02_00_rd_faber,0.799537037037
052_01_00_rd_faber,0.776006944444
052_02_00_rd_faber,0.475555555556
053_01_00_rd_faber,0.633865740741
054_01_00_rd_faber,0.646076388889
054_02_00_rd_faber,0.471111111111
055_01_00_rd_faber,0.628171296296
055_02_00_rd_faber,0.445775462963
056_01_00_rd_faber,0.628842592593
056_02_00_rd_faber,0.470034722222
057_01_00_rd_faber,0.793726851852
057_02_00_rd_faber,0.810914351852
040_02_00_rd_faber,0.464756944444
053_02_00_rd_faber,0.451689814815
062_02_00_rd_faber,0.606678240741
071_02_00_rd_faber,0.483483796296
058_01_00_rd_faber,0.634664351852
058_02_00_rd_faber,0.464768518519
059_01_00_rd_faber,0.636574074074
059_02_00_rd_faber,0.454351851852
060_01_00_rd_faber,0.639641203704
061_01_00_rd_faber,0.789131944444
061_02_00_rd_faber,0.611180555556
062_01_00_rd_faber,0.618171296296
063_01_00_rd_faber,0.616435185185
063_02_00_rd_faber,0.797222222222
064_01_00_rd_faber,0.60724537037
064_02_00_rd_faber,0.487465277778
065_01_00_rd_faber,0.762731481481
065_02_00_rd_faber,0.630520833333
066_01_00_rd_faber,0.793449074074
066_02_00_rd_faber,0.448078703704
067_01_00_rd_faber,0.767569444444
067_02_00_rd_faber,0.651527777778
068_01_00_rd_faber,0.795358796296
068_02_00_rd_faber,0.463263888889
069_01_00_rd_faber,0.78056712963
069_02_00_rd_faber,0.462083333333
070_01_00_rd_faber,0.800034722222
071_01_00_rd_faber,0.805509259259
072_01_00_rd_faber,0.616747685185
073_01_00_rd_faber,0.756516203704
073_02_00_rd_faber,0.729895833333
074_01_00_rd_faber,0.574560185185
075_02_00_rd_faber,0.615868055556
076_02_00_rd_faber,0.4959375
077_01_00_rd_faber,0.586469907407
078_01_00_rd_faber,0.76525462963
052_01_00_rd_faber2,0.73494212963
035_01_00_rd_faber2,0.735914351852
037_01_00_rd_faber2,0.569178240741
038_01_00_rd_faber2,0.576782407407
039_02_00_rd_faber2,0.407071759259
040_01_00_rd_faber2,0.736469907407
041_02_00_rd_faber2,0.403819444444
042_01_00_rd_faber2,0.558773148148
043_01_00_rd_faber2,0.573541666667
044_02_00_rd_faber2,0.413414351852
045_01_00_rd_faber2,0.746018518519
046_02_00_rd_faber2,0.426365740741
047_01_00_rd_faber2,0.744710648148
048_02_00_rd_faber2,0.406203703704
049_02_00_rd_faber2,0.419340277778
050_02_00_rd_faber2,0.412430555556
051_01_00_rd_faber2,0.737314814815
053_02_00_rd_faber2,0.409409722222
054_02_00_rd_faber2,0.416215277778
055_02_00_rd_faber2,0.404849537037
056_02_00_rd_faber2,0.430798611111
057_01_00_rd_faber2,0.746076388889
058_02_00_rd_faber2,0.419074074074
059_02_00_rd_faber2,0.410763888889
061_02_00_rd_faber2,0.567268518519
062_01_00_rd_faber2,0.57474537037
063_01_00_rd_faber2,0.575636574074
064_01_00_rd_faber2,0.558958333333
065_01_00_rd_faber2,0.716111111111
066_02_00_rd_faber2,0.407777777778
067_01_00_rd_faber2,0.724282407407
068_02_00_rd_faber2,0.417766203704
069_02_00_rd_faber2,0.419108796296
071_01_00_rd_faber2,0.749756944444
072_01_00_rd_faber2,0.574398148148
073_02_00_rd_faber2,0.683530092593
074_01_00_rd_faber2,0.626724537037
075_02_00_rd_faber2,0.628287037037
076_02_00_rd_faber2,0.50619212963
077_01_00_rd_faber2,0.596909722222
078_01_00_rd_faber2,0.776608796296
035_01_00_rd_northw,0.783043981481
035_02_00_rd_northw,0.63880787037
036_01_00_rd_northw,0.731331018519
037_01_00_rd_northw,0.619895833333
037_02_00_rd_northw,0.476041666667
038_01_00_rd_northw,0.622199074074
038_02_00_rd_northw,0.676736111111
039_01_00_rd_northw,0.626840277778
039_02_00_rd_northw,0.450150462963
040_01_00_rd_northw,0.791770833333
040_02_00_rd_northw,0.464074074074
041_01_00_rd_northw,0.654178240741
041_02_00_rd_northw,0.457060185185
042_01_00_rd_northw,0.605648148148
042_02_00_rd_northw,0.766527777778
043_02_00_rd_northw,0.641770833333
044_01_00_rd_northw,0.631516203704
044_02_00_rd_northw,0.45369212963
045_01_00_rd_northw,0.791261574074
045_02_00_rd_northw,0.474664351852
046_01_00_rd_northw,0.798483796296
046_02_00_rd_northw,0.476203703704
047_01_00_rd_northw,0.8009375
048_01_00_rd_northw,0.636087962963
048_02_00_rd_northw,0.455555555556
049_01_00_rd_northw,0.798981481481
049_02_00_rd_northw,0.467766203704
050_01_00_rd_northw,0.63587962963
050_02_00_rd_northw,0.458854166667
051_01_00_rd_northw,0.781898148148
051_02_00_rd_northw,0.798854166667
052_02_00_rd_northw,0.474965277778
053_01_00_rd_northw,0.633206018519
053_02_00_rd_northw,0.451076388889
054_01_00_rd_northw,0.645208333333
054_02_00_rd_northw,0.470416666667
055_01_00_rd_northw,0.627534722222
055_02_00_rd_northw,0.445150462963
056_01_00_rd_northw,0.628217592593
043_01_00_rd_northw,0.621238425926
047_02_00_rd_northw,0.518981481481
052_01_00_rd_northw,0.775451388889
056_02_00_rd_northw,0.469479166667
061_01_00_rd_northw,0.788518518519
070_01_00_rd_northw,0.79931712963
057_01_00_rd_northw,0.793148148148
057_02_00_rd_northw,0.810289351852
058_01_00_rd_northw,0.633912037037
058_02_00_rd_northw,0.464143518519
059_01_00_rd_northw,0.635949074074
059_02_00_rd_northw,0.453819444444
060_01_00_rd_northw,0.638946759259
061_02_00_rd_northw,0.610625
062_01_00_rd_northw,0.617569444444
062_02_00_rd_northw,0.606064814815
063_01_00_rd_northw,0.615868055556
063_02_00_rd_northw,0.796597222222
064_01_00_rd_northw,0.606643518519
064_02_00_rd_northw,0.48662037037
065_01_00_rd_northw,0.762118055556
065_02_00_rd_northw,0.629872685185
066_01_00_rd_northw,0.792824074074
066_02_00_rd_northw,0.447523148148
067_01_00_rd_northw,0.766944444444
067_02_00_rd_northw,0.650949074074
068_01_00_rd_northw,0.7946875
068_02_00_rd_northw,0.462650462963
069_01_00_rd_northw,0.779976851852
069_02_00_rd_northw,0.461574074074
071_01_00_rd_northw,0.804803240741
071_02_00_rd_northw,0.482766203704
072_01_00_rd_northw,0.616203703704
073_01_00_rd_northw,0.755810185185
073_02_00_rd_northw,0.729259259259
074_01_00_rd_northw,0.573946759259
075_02_00_rd_northw,0.614884259259
076_02_00_rd_northw,0.495347222222
077_01_00_rd_northw,0.585763888889
078_01_00_rd_northw,0.764537037037
035_01_00_rd_rainbow,0.772673611111
035_02_00_rd_rainbow,0.639479166667
036_01_00_rd_rainbow,0.705509259259
037_01_00_rd_rainbow,0.609236111111
037_02_00_rd_rainbow,0.463344907407
038_01_00_rd_rainbow,0.612465277778
038_02_00_rd_rainbow,0.654456018519
039_01_00_rd_rainbow,0.616388888889
039_02_00_rd_rainbow,0.441006944444
040_01_00_rd_rainbow,0.780486111111
040_02_00_rd_rainbow,0.451041666667
041_01_00_rd_rainbow,0.641956018519
041_02_00_rd_rainbow,0.446423611111
042_01_00_rd_rainbow,0.595405092593
042_02_00_rd_rainbow,0.755972222222
043_01_00_rd_rainbow,0.609965277778
044_01_00_rd_rainbow,0.622164351852
044_02_00_rd_rainbow,0.445277777778
045_01_00_rd_rainbow,0.781354166667
045_02_00_rd_rainbow,0.464490740741
046_01_00_rd_rainbow,0.787615740741
046_02_00_rd_rainbow,0.466180555556
047_01_00_rd_rainbow,0.7871875
047_02_00_rd_rainbow,0.511354166667
048_01_00_rd_rainbow,0.624502314815
048_02_00_rd_rainbow,0.447465277778
049_01_00_rd_rainbow,0.788229166667
049_02_00_rd_rainbow,0.458148148148
050_01_00_rd_rainbow,0.625439814815
050_02_00_rd_rainbow,0.448622685185
051_01_00_rd_rainbow,0.772951388889
051_02_00_rd_rainbow,0.788148148148
052_01_00_rd_rainbow,0.766840277778
053_01_00_rd_rainbow,0.621979166667
053_02_00_rd_rainbow,0.44181712963
054_01_00_rd_rainbow,0.633090277778
054_02_00_rd_rainbow,0.46
055_01_00_rd_rainbow,0.616666666667
055_02_00_rd_rainbow,0.436168981481
056_01_00_rd_rainbow,0.618773148148
056_02_00_rd_rainbow,0.461493055556
043_02_00_rd_rainbow,0.630763888889
052_02_00_rd_rainbow,0.46724537037
061_02_00_rd_rainbow,0.600648148148
057_01_00_rd_rainbow,0.782731481481
057_02_00_rd_rainbow,0.798125
058_01_00_rd_rainbow,0.622962962963
058_02_00_rd_rainbow,0.454201388889
059_01_00_rd_rainbow,0.624050925926
059_02_00_rd_rainbow,0.44380787037
060_01_00_rd_rainbow,0.628796296296
061_01_00_rd_rainbow,0.77681712963
062_01_00_rd_rainbow,0.608645833333
062_02_00_rd_rainbow,0.596284722222
063_01_00_rd_rainbow,0.60755787037
063_02_00_rd_rainbow,0.785706018519
064_01_00_rd_rainbow,0.597384259259
064_02_00_rd_rainbow,0.475914351852
065_01_00_rd_rainbow,0.74931712963
065_02_00_rd_rainbow,0.619756944444
066_01_00_rd_rainbow,0.77974537037
066_02_00_rd_rainbow,0.438541666667
067_01_00_rd_rainbow,0.757430555556
067_02_00_rd_rainbow,0.640173611111
068_01_00_rd_rainbow,0.783969907407
068_02_00_rd_rainbow,0.452685185185
069_01_00_rd_rainbow,0.77099537037
069_02_00_rd_rainbow,0.451643518519
070_01_00_rd_rainbow,0.787650462963
071_01_00_rd_rainbow,0.791469907407
071_02_00_rd_rainbow,0.469270833333
072_01_00_rd_rainbow,0.607118055556
073_01_00_rd_rainbow,0.745416666667
073_02_00_rd_rainbow,0.718668981481
074_01_00_rd_rainbow,0.56443287037
075_02_00_rd_rainbow,0.604398148148
076_02_00_rd_rainbow,0.483738425926
077_01_00_rd_rainbow,0.575081018519
078_01_00_rd_rainbow,0.754351851852
036_01_00_reststop,0.708599537037
036_01_00_roger,0.709537037037
037_02_00_roger,0.467222222222
038_02_00_roger,0.658576388889
039_01_00_roger,0.618506944444
035_01_00_sg_cream,0.782233796296
035_02_00_sg_cream,0.654247685185
036_01_00_sg_cream,0.730636574074
037_01_00_sg_cream,0.619131944444
037_02_00_sg_cream,0.475196759259
038_01_00_sg_cream,0.621435185185
038_02_00_sg_cream,0.676099537037
039_01_00_sg_cream,0.626111111111
039_02_00_sg_cream,0.44943287037
040_01_00_sg_cream,0.79099537037
040_02_00_sg_cream,0.463217592593
041_01_00_sg_cream,0.653391203704
041_02_00_sg_cream,0.456273148148
042_01_00_sg_cream,0.604814814815
042_02_00_sg_cream,0.765648148148
043_02_00_sg_cream,0.640983796296
044_01_00_sg_cream,0.630763888889
044_02_00_sg_cream,0.452951388889
045_01_00_sg_cream,0.79056712963
045_02_00_sg_cream,0.473969907407
046_01_00_sg_cream,0.79775462963
046_02_00_sg_cream,0.475405092593
047_01_00_sg_cream,0.799594907407
048_01_00_sg_cream,0.634699074074
048_02_00_sg_cream,0.454849537037
049_01_00_sg_cream,0.798171296296
049_02_00_sg_cream,0.467025462963
050_01_00_sg_cream,0.634988425926
050_02_00_sg_cream,0.45806712963
051_01_00_sg_cream,0.781157407407
051_02_00_sg_cream,0.797893518519
052_02_00_sg_cream,0.474212962963
053_01_00_sg_cream,0.632384259259
053_02_00_sg_cream,0.450289351852
054_01_00_sg_cream,0.644421296296
054_02_00_sg_cream,0.469606481481
055_01_00_sg_cream,0.626701388889
055_02_00_sg_cream,0.444490740741
056_01_00_sg_cream,0.627523148148
057_01_00_sg_cream,0.792361111111
057_02_00_sg_cream,0.809328703704
058_01_00_sg_cream,0.633125
058_02_00_sg_cream,0.463391203704
059_01_00_sg_cream,0.63505787037
059_02_00_sg_cream,0.453101851852
060_01_00_sg_cream,0.638148148148
043_01_00_sg_cream,0.620497685185
047_02_00_sg_cream,0.518159722222
052_01_00_sg_cream,0.774722222222
056_02_00_sg_cream,0.468784722222
061_01_00_sg_cream,0.78775462963
070_01_00_sg_cream,0.798506944444
061_02_00_sg_cream,0.609884259259
062_01_00_sg_cream,0.616863425926
062_02_00_sg_cream,0.60525462963
063_01_00_sg_cream,0.615162037037
063_02_00_sg_cream,0.79587962963
064_01_00_sg_cream,0.605983796296
064_02_00_sg_cream,0.485891203704
065_01_00_sg_cream,0.759641203704
065_02_00_sg_cream,0.629074074074
066_01_00_sg_cream,0.792025462963
066_02_00_sg_cream,0.446770833333
067_01_00_sg_cream,0.766180555556
067_02_00_sg_cream,0.65005787037
068_01_00_sg_cream,0.793761574074
068_02_00_sg_cream,0.461701388889
069_01_00_sg_cream,0.779143518519
069_02_00_sg_cream,0.460902777778
071_01_00_sg_cream,0.804027777778
071_02_00_sg_cream,0.482025462963
072_01_00_sg_cream,0.615474537037
073_01_00_sg_cream,0.755023148148
073_02_00_sg_cream,0.728541666667
074_01_00_sg_cream,0.573171296296
075_02_00_sg_cream,0.613877314815
076_02_00_sg_cream,0.494398148148
077_01_00_sg_cream,0.584837962963
078_01_00_sg_cream,0.763796296296
035_01_00_sg_good_evening,0.781608796296
035_02_00_sg_good_evening,0.653645833333
036_01_00_sg_good_evening,0.730115740741
037_01_00_sg_good_evening,0.618530092593
037_02_00_sg_good_evening,0.474525462963
038_01_00_sg_good_evening,0.620856481481
038_02_00_sg_good_evening,0.675335648148
039_01_00_sg_good_evening,0.625428240741
039_02_00_sg_good_evening,0.44880787037
040_01_00_sg_good_evening,0.790381944444
040_02_00_sg_good_evening,0.462476851852
041_01_00_sg_good_evening,0.652708333333
041_02_00_sg_good_evening,0.455509259259
042_01_00_sg_good_evening,0.604189814815
043_01_00_sg_good_evening,0.619803240741
043_02_00_sg_good_evening,0.640277777778
044_01_00_sg_good_evening,0.630115740741
044_02_00_sg_good_evening,0.452407407407
045_01_00_sg_good_evening,0.789918981481
045_02_00_sg_good_evening,0.47337962963
046_01_00_sg_good_evening,0.797222222222
047_01_00_sg_good_evening,0.798923611111
047_02_00_sg_good_evening,0.517233796296
048_01_00_sg_good_evening,0.634201388889
048_02_00_sg_good_evening,0.454305555556
049_01_00_sg_good_evening,0.797199074074
049_02_00_sg_good_evening,0.466273148148
050_01_00_sg_good_evening,0.634201388889
042_02_00_sg_good_evening,0.764837962963
046_02_00_sg_good_evening,0.474907407407
050_02_00_sg_good_evening,0.457384259259
063_01_00_sg_good_evening,0.614641203704
067_01_00_sg_good_evening,0.765555555556
071_02_00_sg_good_evening,0.481296296296
051_01_00_sg_good_evening,0.780462962963
051_02_00_sg_good_evening,0.797175925926
052_01_00_sg_good_evening,0.774224537037
052_02_00_sg_good_evening,0.473518518519
053_01_00_sg_good_evening,0.631643518519
053_02_00_sg_good_evening,0.449710648148
054_01_00_sg_good_evening,0.643715277778
054_02_00_sg_good_evening,0.469074074074
055_01_00_sg_good_evening,0.625983796296
055_02_00_sg_good_evening,0.443888888889
056_01_00_sg_good_evening,0.627037037037
056_02_00_sg_good_evening,0.468298611111
057_01_00_sg_good_evening,0.791851851852
057_02_00_sg_good_evening,0.808715277778
058_01_00_sg_good_evening,0.632395833333
058_02_00_sg_good_evening,0.462766203704
059_01_00_sg_good_evening,0.634502314815
059_02_00_sg_good_evening,0.452476851852
060_01_00_sg_good_evening,0.637569444444
061_01_00_sg_good_evening,0.787141203704
061_02_00_sg_good_evening,0.609351851852
062_01_00_sg_good_evening,0.616261574074
062_02_00_sg_good_evening,0.604606481481
063_02_00_sg_good_evening,0.795324074074
064_01_00_sg_good_evening,0.605497685185
064_02_00_sg_good_evening,0.485300925926
065_01_00_sg_good_evening,0.757847222222
065_02_00_sg_good_evening,0.62849537037
066_01_00_sg_good_evening,0.791284722222
066_02_00_sg_good_evening,0.446226851852
067_02_00_sg_good_evening,0.649606481481
068_01_00_sg_good_evening,0.793101851852
068_02_00_sg_good_evening,0.461134259259
069_01_00_sg_good_evening,0.778622685185
069_02_00_sg_good_evening,0.460428240741
070_01_00_sg_good_evening,0.797731481481
071_01_00_sg_good_evening,0.803460648148
072_01_00_sg_good_evening,0.614884259259
073_01_00_sg_good_evening,0.754479166667
073_02_00_sg_good_evening,0.728090277778
074_01_00_sg_good_evening,0.572569444444
075_02_00_sg_good_evening,0.613310185185
076_02_00_sg_good_evening,0.493842592593
077_01_00_sg_good_evening,0.584212962963
078_01_00_sg_good_evening,0.763009259259
035_01_00_story_disgust_childhood,0.778217592593
035_02_00_story_disgust_childhood,0.650717592593
036_01_00_story_disgust_childhood,0.726666666667
037_01_00_story_disgust_childhood,0.614351851852
038_01_00_story_disgust_childhood,0.617962962963
039_01_00_story_disgust_childhood,0.622916666667
039_02_00_story_disgust_childhood,0.445868055556
040_01_00_story_disgust_childhood,0.786828703704
040_02_00_story_disgust_childhood,0.458877314815
041_01_00_story_disgust_childhood,0.649618055556
041_02_00_story_disgust_childhood,0.452592592593
042_02_00_story_disgust_childhood,0.761655092593
043_01_00_story_disgust_childhood,0.615601851852
043_02_00_story_disgust_childhood,0.637037037037
044_01_00_story_disgust_childhood,0.627175925926
044_02_00_story_disgust_childhood,0.449664351852
045_01_00_story_disgust_childhood,0.786446759259
045_02_00_story_disgust_childhood,0.470266203704
046_01_00_story_disgust_childhood,0.794525462963
046_02_00_story_disgust_childhood,0.471550925926
047_01_00_story_disgust_childhood,0.794328703704
047_02_00_story_disgust_childhood,0.507395833333
048_01_00_story_disgust_childhood,0.630231481481
048_02_00_story_disgust_childhood,0.451782407407
049_01_00_story_disgust_childhood,0.794456018519
038_02_00_story_disgust_childhood,0.666608796296
042_01_00_story_disgust_childhood,0.600787037037
049_02_00_story_disgust_childhood,0.462974537037
057_02_00_story_disgust_childhood,0.805347222222
069_02_00_story_disgust_childhood,0.457094907407
050_01_00_story_disgust_childhood,0.631087962963
050_02_00_story_disgust_childhood,0.454467592593
051_01_00_story_disgust_childhood,0.777743055556
051_02_00_story_disgust_childhood,0.794328703704
052_01_00_story_disgust_childhood,0.771261574074
052_02_00_story_disgust_childhood,0.471331018519
053_01_00_story_disgust_childhood,0.62818287037
053_02_00_story_disgust_childhood,0.44662037037
054_01_00_story_disgust_childhood,0.640393518519
054_02_00_story_disgust_childhood,0.465914351852
055_01_00_story_disgust_childhood,0.622731481481
055_02_00_story_disgust_childhood,0.441006944444
056_01_00_story_disgust_childhood,0.624583333333
056_02_00_story_disgust_childhood,0.465601851852
057_01_00_story_disgust_childhood,0.788414351852
058_01_00_story_disgust_childhood,0.629259259259
058_02_00_story_disgust_childhood,0.459756944444
059_01_00_story_disgust_childhood,0.630844907407
059_02_00_story_disgust_childhood,0.44900462963
060_01_00_story_disgust_childhood,0.634560185185
061_01_00_story_disgust_childhood,0.783854166667
061_02_00_story_disgust_childhood,0.60630787037
062_01_00_story_disgust_childhood,0.613402777778
062_02_00_story_disgust_childhood,0.601585648148
063_01_00_story_disgust_childhood,0.611886574074
063_02_00_story_disgust_childhood,0.792094907407
064_01_00_story_disgust_childhood,0.602847222222
064_02_00_story_disgust_childhood,0.481388888889
065_01_00_story_disgust_childhood,0.754664351852
065_02_00_story_disgust_childhood,0.625428240741
066_01_00_story_disgust_childhood,0.788287037037
066_02_00_story_disgust_childhood,0.443449074074
067_01_00_story_disgust_childhood,0.762638888889
067_02_00_story_disgust_childhood,0.646388888889
068_01_00_story_disgust_childhood,0.789548611111
068_02_00_story_disgust_childhood,0.458032407407
069_01_00_story_disgust_childhood,0.775868055556
070_01_00_story_disgust_childhood,0.793506944444
071_01_00_story_disgust_childhood,0.799918981481
071_02_00_story_disgust_childhood,0.477986111111
072_01_00_story_disgust_childhood,0.611875
073_01_00_story_disgust_childhood,0.751261574074
073_02_00_story_disgust_childhood,0.724733796296
074_01_00_story_disgust_childhood,0.569918981481
076_02_00_story_disgust_childhood,0.489907407407
077_01_00_story_disgust_childhood,0.581516203704
078_01_00_story_disgust_childhood,0.760023148148
035_01_00_story_sad_childhood,0.776458333333
035_02_00_story_sad_childhood,0.648946759259
036_01_00_story_sad_childhood,0.71212962963
037_01_00_story_sad_childhood,0.612627314815
037_02_00_story_sad_childhood,0.469826388889
038_01_00_story_sad_childhood,0.616111111111
039_01_00_story_sad_childhood,0.621435185185
039_02_00_story_sad_childhood,0.444340277778
040_01_00_story_sad_childhood,0.784421296296
040_02_00_story_sad_childhood,0.455972222222
041_01_00_story_sad_childhood,0.646678240741
041_02_00_story_sad_childhood,0.450439814815
042_02_00_story_sad_childhood,0.759884259259
043_01_00_story_sad_childhood,0.61349537037
043_02_00_story_sad_childhood,0.634710648148
044_01_00_story_sad_childhood,0.625613425926
044_02_00_story_sad_childhood,0.448275462963
045_01_00_story_sad_childhood,0.78474537037
045_02_00_story_sad_childhood,0.468414351852
046_01_00_story_sad_childhood,0.792465277778
046_02_00_story_sad_childhood,0.469710648148
047_01_00_story_sad_childhood,0.792615740741
047_02_00_story_sad_childhood,0.504803240741
048_01_00_story_sad_childhood,0.628460648148
048_02_00_story_sad_childhood,0.45056712963
049_01_00_story_sad_childhood,0.792777777778
049_02_00_story_sad_childhood,0.461377314815
038_02_00_story_sad_childhood,0.664282407407
042_01_00_story_sad_childhood,0.599236111111
054_02_00_story_sad_childhood,0.464212962963
058_01_00_story_sad_childhood,0.62744212963
062_02_00_story_sad_childhood,0.60005787037
050_01_00_story_sad_childhood,0.629467592593
050_02_00_story_sad_childhood,0.452824074074
051_01_00_story_sad_childhood,0.776516203704
051_02_00_story_sad_childhood,0.792337962963
052_02_00_story_sad_childhood,0.470763888889
053_01_00_story_sad_childhood,0.626284722222
053_02_00_story_sad_childhood,0.445335648148
054_01_00_story_sad_childhood,0.638344907407
055_01_00_story_sad_childhood,0.620914351852
055_02_00_story_sad_childhood,0.43943287037
056_01_00_story_sad_childhood,0.623321759259
056_02_00_story_sad_childhood,0.464282407407
057_01_00_story_sad_childhood,0.786574074074
057_02_00_story_sad_childhood,0.802581018519
058_02_00_story_sad_childhood,0.458090277778
059_01_00_story_sad_childhood,0.62875
059_02_00_story_sad_childhood,0.447384259259
060_01_00_story_sad_childhood,0.632847222222
061_01_00_story_sad_childhood,0.781446759259
061_02_00_story_sad_childhood,0.60462962963
062_01_00_story_sad_childhood,0.611805555556
063_01_00_story_sad_childhood,0.610358796296
063_02_00_story_sad_childhood,0.789479166667
064_01_00_story_sad_childhood,0.601064814815
064_02_00_story_sad_childhood,0.479884259259
065_01_00_story_sad_childhood,0.752766203704
065_02_00_story_sad_childhood,0.623680555556
066_01_00_story_sad_childhood,0.786296296296
066_02_00_story_sad_childhood,0.441701388889
067_01_00_story_sad_childhood,0.760925925926
067_02_00_story_sad_childhood,0.644351851852
068_01_00_story_sad_childhood,0.787997685185
068_02_00_story_sad_childhood,0.45630787037
069_01_00_story_sad_childhood,0.774247685185
069_02_00_story_sad_childhood,0.454664351852
070_01_00_story_sad_childhood,0.79193287037
071_01_00_story_sad_childhood,0.797928240741
071_02_00_story_sad_childhood,0.475763888889
072_01_00_story_sad_childhood,0.610277777778
073_01_00_story_sad_childhood,0.749606481481
073_02_00_story_sad_childhood,0.722847222222
074_01_00_story_sad_childhood,0.568263888889
075_02_00_story_sad_childhood,0.608402777778
076_02_00_story_sad_childhood,0.488298611111
077_01_00_story_sad_childhood,0.579814814815
078_01_00_story_sad_childhood,0.758344907407
036_01_00_study,0.697164351852
037_02_00_study,0.45650462963
038_02_00_study,0.649525462963
039_01_00_study,0.613738425926
035_01_00_surgery,0.751053240741
036_01_00_surgery,0.668460648148
037_01_00_surgery,0.587291666667
037_02_00_surgery,0.442037037037
038_01_00_surgery,0.58974537037
038_02_00_surgery,0.624270833333
039_01_00_surgery,0.600810185185
040_01_00_surgery,0.753391203704
040_02_00_surgery,0.434502314815
041_01_00_surgery,0.6190625
041_02_00_surgery,0.421516203704
042_01_00_surgery,0.575381944444
042_02_00_surgery,0.742962962963
043_01_00_surgery,0.588530092593
043_02_00_surgery,0.613518518519
044_02_00_surgery,0.427534722222
045_01_00_surgery,0.761898148148
045_02_00_surgery,0.452395833333
046_01_00_surgery,0.774953703704
046_02_00_surgery,0.442962962963
047_01_00_surgery,0.762615740741
047_02_00_surgery,0.479895833333
048_01_00_surgery,0.60943287037
049_01_00_surgery,0.773761574074
049_02_00_surgery,0.439039351852
050_01_00_surgery,0.610671296296
050_02_00_surgery,0.430173611111
051_01_00_surgery,0.752905092593
051_02_00_surgery,0.773275462963
052_01_00_surgery,0.750300925926
052_02_00_surgery,0.449351851852
053_02_00_surgery,0.424513888889
054_01_00_surgery,0.614513888889
054_02_00_surgery,0.438217592593
055_01_00_surgery,0.604837962963
055_02_00_surgery,0.419768518519
056_01_00_surgery,0.604363425926
056_02_00_surgery,0.444421296296
057_01_00_surgery,0.760405092593
058_01_00_surgery,0.609548611111
058_02_00_surgery,0.435462962963
059_01_00_surgery,0.605590277778
059_02_00_surgery,0.425300925926
060_01_00_surgery,0.614652777778
061_01_00_surgery,0.762928240741
061_02_00_surgery,0.582476851852
039_02_00_surgery,0.422974537037
044_01_00_surgery,0.609513888889
048_02_00_surgery,0.428368055556
053_01_00_surgery,0.608206018519
057_02_00_surgery,0.779236111111
062_01_00_surgery,0.588888888889
066_02_00_surgery,0.421226851852
071_01_00_surgery,0.768622685185
062_02_00_surgery,0.582083333333
063_01_00_surgery,0.591203703704
063_02_00_surgery,0.773483796296
064_01_00_surgery,0.576099537037
064_02_00_surgery,0.460706018519
065_01_00_surgery,0.731851851852
065_02_00_surgery,0.606828703704
066_01_00_surgery,0.766319444444
067_01_00_surgery,0.739363425926
067_02_00_surgery,0.62806712963
068_01_00_surgery,0.769918981481
068_02_00_surgery,0.433784722222
069_01_00_surgery,0.761076388889
069_02_00_surgery,0.433564814815
070_01_00_surgery,0.771388888889
071_02_00_surgery,0.453958333333
072_01_00_surgery,0.588900462963
073_01_00_surgery,0.73025462963
073_02_00_surgery,0.699861111111
074_01_00_surgery,0.550023148148
075_02_00_surgery,0.58974537037
076_02_00_surgery,0.468622685185
077_01_00_surgery,0.561284722222
035_01_00_tat_boat,0.791331018519
037_01_00_tat_boat,0.629050925926
038_01_00_tat_boat,0.630393518519
038_02_00_tat_boat,0.699953703704
039_01_00_tat_boat,0.634340277778
039_02_00_tat_boat,0.457337962963
040_01_00_tat_boat,0.800173611111
041_01_00_tat_boat,0.664490740741
041_02_00_tat_boat,0.467222222222
042_01_00_tat_boat,0.615023148148
042_02_00_tat_boat,0.775717592593
043_01_00_tat_boat,0.629016203704
043_02_00_tat_boat,0.650532407407
044_01_00_tat_boat,0.639108796296
044_02_00_tat_boat,0.460324074074
045_01_00_tat_boat,0.799537037037
045_02_00_tat_boat,0.482349537037
046_01_00_tat_boat,0.80693287037
046_02_00_tat_boat,0.484293981481
047_01_00_tat_boat,0.810844907407
047_02_00_tat_boat,0.529421296296
048_01_00_tat_boat,0.643472222222
048_02_00_tat_boat,0.463009259259
049_01_00_tat_boat,0.806782407407
049_02_00_tat_boat,0.476145833333
050_01_00_tat_boat,0.643275462963
050_02_00_tat_boat,0.465393518519
051_01_00_tat_boat,0.78962962963
051_02_00_tat_boat,0.807175925926
052_01_00_tat_boat,0.782627314815
052_02_00_tat_boat,0.480266203704
053_01_00_tat_boat,0.641006944444
054_01_00_tat_boat,0.656319444444
054_02_00_tat_boat,0.479733796296
055_01_00_tat_boat,0.635034722222
055_02_00_tat_boat,0.452002314815
056_01_00_tat_boat,0.635856481481
056_02_00_tat_boat,0.476400462963
057_01_00_tat_boat,0.800763888889
057_02_00_tat_boat,0.819212962963
040_02_00_tat_boat,0.47306712963
053_02_00_tat_boat,0.458958333333
062_02_00_tat_boat,0.613993055556
058_01_00_tat_boat,0.642858796296
058_02_00_tat_boat,0.472662037037
059_01_00_tat_boat,0.644953703704
059_02_00_tat_boat,0.461400462963
060_01_00_tat_boat,0.646585648148
061_01_00_tat_boat,0.796793981481
061_02_00_tat_boat,0.618101851852
062_01_00_tat_boat,0.624837962963
063_01_00_tat_boat,0.622627314815
063_02_00_tat_boat,0.804131944444
064_01_00_tat_boat,0.614108796296
064_02_00_tat_boat,0.494560185185
065_01_00_tat_boat,0.770625
065_02_00_tat_boat,0.638055555556
066_01_00_tat_boat,0.801087962963
066_02_00_tat_boat,0.454502314815
067_01_00_tat_boat,0.774560185185
067_02_00_tat_boat,0.65880787037
068_01_00_tat_boat,0.802719907407
068_02_00_tat_boat,0.470729166667
069_01_00_tat_boat,0.787118055556
069_02_00_tat_boat,0.468946759259
070_01_00_tat_boat,0.807708333333
071_01_00_tat_boat,0.813680555556
071_02_00_tat_boat,0.492453703704
072_01_00_tat_boat,0.623553240741
073_01_00_tat_boat,0.763726851852
073_02_00_tat_boat,0.736990740741
074_01_00_tat_boat,0.581331018519
075_02_00_tat_boat,0.625393518519
076_02_00_tat_boat,0.50306712963
077_01_00_tat_boat,0.593865740741
078_01_00_tat_boat,0.773263888889
035_01_00_tat_boy,0.758981481481
037_01_00_tat_boy,0.596678240741
038_01_00_tat_boy,0.599108796296
039_02_00_tat_boy,0.430300925926
040_01_00_tat_boy,0.762349537037
041_02_00_tat_boy,0.432534722222
042_01_00_tat_boy,0.583738425926
043_01_00_tat_boy,0.59630787037
043_02_00_tat_boy,0.595462962963
044_01_00_tat_boy,0.594282407407
044_02_00_tat_boy,0.434583333333
045_01_00_tat_boy,0.769282407407
045_02_00_tat_boy,0.432731481481
046_01_00_tat_boy,0.758402777778
046_02_00_tat_boy,0.451550925926
047_01_00_tat_boy,0.773032407407
047_02_00_tat_boy,0.460185185185
048_01_00_tat_boy,0.593877314815
048_02_00_tat_boy,0.434722222222
049_01_00_tat_boy,0.757476851852
049_02_00_tat_boy,0.447002314815
050_01_00_tat_boy,0.592847222222
050_02_00_tat_boy,0.437708333333
051_01_00_tat_boy,0.760243055556
051_02_00_tat_boy,0.7578125
052_01_00_tat_boy,0.755115740741
052_02_00_tat_boy,0.434398148148
053_01_00_tat_boy,0.592164351852
053_02_00_tat_boy,0.431030092593
054_01_00_tat_boy,0.593101851852
054_02_00_tat_boy,0.448101851852
055_01_00_tat_boy,0.589189814815
056_01_00_tat_boy,0.586782407407
056_02_00_tat_boy,0.451365740741
057_01_00_tat_boy,0.768009259259
057_02_00_tat_boy,0.761018518519
058_01_00_tat_boy,0.594247685185
058_02_00_tat_boy,0.444224537037
059_01_00_tat_boy,0.590092592593
059_02_00_tat_boy,0.432986111111
042_02_00_tat_boy,0.727604166667
055_02_00_tat_boy,0.427048611111
060_01_00_tat_boy,0.600185185185
065_02_00_tat_boy,0.592314814815
070_01_00_tat_boy,0.755092592593
061_01_00_tat_boy,0.746539351852
061_02_00_tat_boy,0.589907407407
062_01_00_tat_boy,0.596111111111
062_02_00_tat_boy,0.566666666667
063_01_00_tat_boy,0.598391203704
063_02_00_tat_boy,0.758078703704
064_01_00_tat_boy,0.584814814815
064_02_00_tat_boy,0.442800925926
065_01_00_tat_boy,0.739895833333
066_01_00_tat_boy,0.752743055556
066_02_00_tat_boy,0.428796296296
067_01_00_tat_boy,0.746805555556
067_02_00_tat_boy,0.613240740741
068_01_00_tat_boy,0.754039351852
068_02_00_tat_boy,0.441203703704
069_01_00_tat_boy,0.748043981481
069_02_00_tat_boy,0.440358796296
071_01_00_tat_boy,0.778472222222
071_02_00_tat_boy,0.436145833333
072_01_00_tat_boy,0.596712962963
073_01_00_tat_boy,0.7134375
073_02_00_tat_boy,0.708680555556
074_01_00_tat_boy,0.534571759259
075_02_00_tat_boy,0.574930555556
076_02_00_tat_boy,0.452337962963
077_01_00_tat_boy,0.54650462963
078_01_00_tat_boy,0.734525462963
035_01_00_tat_cookie,0.755451388889
037_01_00_tat_cookie,0.592881944444
038_01_00_tat_cookie,0.594675925926
039_02_00_tat_cookie,0.426967592593
040_01_00_tat_cookie,0.758668981481
041_02_00_tat_cookie,0.428229166667
042_01_00_tat_cookie,0.58005787037
043_01_00_tat_cookie,0.592847222222
043_02_00_tat_cookie,0.591122685185
044_01_00_tat_cookie,0.590358796296
044_02_00_tat_cookie,0.431377314815
045_01_00_tat_cookie,0.765891203704
045_02_00_tat_cookie,0.429016203704
046_01_00_tat_cookie,0.754675925926
046_02_00_tat_cookie,0.447974537037
047_01_00_tat_cookie,0.769189814815
047_02_00_tat_cookie,0.456759259259
048_01_00_tat_cookie,0.589918981481
048_02_00_tat_cookie,0.432025462963
049_01_00_tat_cookie,0.754027777778
049_02_00_tat_cookie,0.443738425926
050_01_00_tat_cookie,0.587743055556
050_02_00_tat_cookie,0.434675925926
051_01_00_tat_cookie,0.757152777778
051_02_00_tat_cookie,0.753275462963
052_01_00_tat_cookie,0.753449074074
052_02_00_tat_cookie,0.431967592593
053_01_00_tat_cookie,0.587592592593
053_02_00_tat_cookie,0.42806712963
054_01_00_tat_cookie,0.588680555556
054_02_00_tat_cookie,0.443703703704
055_01_00_tat_cookie,0.585972222222
042_02_00_tat_cookie,0.723564814815
055_02_00_tat_cookie,0.423854166667
060_01_00_tat_cookie,0.596273148148
065_02_00_tat_cookie,0.588819444444
070_01_00_tat_cookie,0.751064814815
056_01_00_tat_cookie,0.583206018519
056_02_00_tat_cookie,0.448159722222
057_01_00_tat_cookie,0.764479166667
057_02_00_tat_cookie,0.754537037037
058_01_00_tat_cookie,0.590023148148
058_02_00_tat_cookie,0.440636574074
059_01_00_tat_cookie,0.586689814815
059_02_00_tat_cookie,0.429560185185
061_01_00_tat_cookie,0.742546296296
061_02_00_tat_cookie,0.586550925926
062_01_00_tat_cookie,0.592893518519
062_02_00_tat_cookie,0.563055555556
063_01_00_tat_cookie,0.595509259259
063_02_00_tat_cookie,0.754444444444
064_01_00_tat_cookie,0.580405092593
064_02_00_tat_cookie,0.438993055556
065_01_00_tat_cookie,0.736331018519
066_01_00_tat_cookie,0.74875
066_02_00_tat_cookie,0.424652777778
067_01_00_tat_cookie,0.743483796296
067_02_00_tat_cookie,0.609340277778
068_01_00_tat_cookie,0.750590277778
068_02_00_tat_cookie,0.437962962963
069_01_00_tat_cookie,0.744756944444
069_02_00_tat_cookie,0.437141203704
071_01_00_tat_cookie,0.77462962963
071_02_00_tat_cookie,0.431331018519
072_01_00_tat_cookie,0.593391203704
073_01_00_tat_cookie,0.709837962963
073_02_00_tat_cookie,0.705405092593
074_01_00_tat_cookie,0.531087962963
075_02_00_tat_cookie,0.571261574074
076_02_00_tat_cookie,0.448587962963
077_01_00_tat_cookie,0.543206018519
078_01_00_tat_cookie,0.730405092593
035_01_00_tat_cry,0.753645833333
037_01_00_tat_cry,0.590902777778
038_01_00_tat_cry,0.592256944444
039_02_00_tat_cry,0.425451388889
040_01_00_tat_cry,0.756793981481
041_02_00_tat_cry,0.426342592593
042_01_00_tat_cry,0.578321759259
043_01_00_tat_cry,0.591076388889
043_02_00_tat_cry,0.588854166667
044_01_00_tat_cry,0.588680555556
044_02_00_tat_cry,0.429733796296
045_01_00_tat_cry,0.764236111111
045_02_00_tat_cry,0.427083333333
046_01_00_tat_cry,0.752222222222
046_02_00_tat_cry,0.446111111111
047_01_00_tat_cry,0.767418981481
047_02_00_tat_cry,0.454641203704
048_01_00_tat_cry,0.587303240741
048_02_00_tat_cry,0.430613425926
049_01_00_tat_cry,0.752152777778
049_02_00_tat_cry,0.442071759259
050_01_00_tat_cry,0.585729166667
050_02_00_tat_cry,0.433194444444
051_01_00_tat_cry,0.755543981481
051_02_00_tat_cry,0.751203703704
052_01_00_tat_cry,0.752662037037
052_02_00_tat_cry,0.431018518519
053_01_00_tat_cry,0.586145833333
053_02_00_tat_cry,0.42662037037
054_01_00_tat_cry,0.586574074074
054_02_00_tat_cry,0.441701388889
055_01_00_tat_cry,0.584293981481
056_01_00_tat_cry,0.581145833333
056_02_00_tat_cry,0.446527777778
057_01_00_tat_cry,0.762731481481
057_02_00_tat_cry,0.752291666667
058_01_00_tat_cry,0.588113425926
058_02_00_tat_cry,0.438796296296
059_01_00_tat_cry,0.585219907407
059_02_00_tat_cry,0.427858796296
042_02_00_tat_cry,0.721516203704
055_02_00_tat_cry,0.422326388889
064_02_00_tat_cry,0.437222222222
069_01_00_tat_cry,0.742349537037
060_01_00_tat_cry,0.59337962963
061_01_00_tat_cry,0.74005787037
061_02_00_tat_cry,0.58494212963
062_01_00_tat_cry,0.59130787037
062_02_00_tat_cry,0.561284722222
063_01_00_tat_cry,0.593831018519
063_02_00_tat_cry,0.752071759259
064_01_00_tat_cry,0.578865740741
065_01_00_tat_cry,0.734571759259
065_02_00_tat_cry,0.587164351852
066_01_00_tat_cry,0.746805555556
066_02_00_tat_cry,0.423009259259
067_01_00_tat_cry,0.741863425926
067_02_00_tat_cry,0.607349537037
068_01_00_tat_cry,0.748715277778
068_02_00_tat_cry,0.43630787037
069_02_00_tat_cry,0.435520833333
070_01_00_tat_cry,0.749247685185
071_01_00_tat_cry,0.772627314815
071_02_00_tat_cry,0.428946759259
072_01_00_tat_cry,0.591655092593
073_01_00_tat_cry,0.70787037037
073_02_00_tat_cry,0.703784722222
074_01_00_tat_cry,0.529699074074
075_02_00_tat_cry,0.569097222222
076_02_00_tat_cry,0.446956018519
077_01_00_tat_cry,0.54005787037
078_01_00_tat_cry,0.728587962963
035_01_00_tat_ladies,0.757222222222
037_01_00_tat_ladies,0.594837962963
038_01_00_tat_ladies,0.597083333333
039_02_00_tat_ladies,0.42880787037
040_01_00_tat_ladies,0.760462962963
041_02_00_tat_ladies,0.430578703704
042_01_00_tat_ladies,0.581921296296
043_01_00_tat_ladies,0.594606481481
043_02_00_tat_ladies,0.593217592593
044_01_00_tat_ladies,0.592418981481
044_02_00_tat_ladies,0.433009259259
045_01_00_tat_ladies,0.767638888889
045_02_00_tat_ladies,0.430856481481
046_01_00_tat_ladies,0.756168981481
046_02_00_tat_ladies,0.449756944444
047_01_00_tat_ladies,0.770983796296
047_02_00_tat_ladies,0.45849537037
048_01_00_tat_ladies,0.592013888889
048_02_00_tat_ladies,0.433460648148
049_01_00_tat_ladies,0.755763888889
049_02_00_tat_ladies,0.445393518519
050_01_00_tat_ladies,0.589884259259
050_02_00_tat_ladies,0.436319444444
051_01_00_tat_ladies,0.758819444444
051_02_00_tat_ladies,0.754988425926
052_01_00_tat_ladies,0.754189814815
052_02_00_tat_ladies,0.433553240741
053_01_00_tat_ladies,0.590393518519
053_02_00_tat_ladies,0.429537037037
054_01_00_tat_ladies,0.59087962963
054_02_00_tat_ladies,0.446099537037
055_01_00_tat_ladies,0.587534722222
042_02_00_tat_ladies,0.725787037037
055_02_00_tat_ladies,0.42556712963
060_01_00_tat_ladies,0.598032407407
065_02_00_tat_ladies,0.590520833333
056_01_00_tat_ladies,0.584965277778
056_02_00_tat_ladies,0.44974537037
057_01_00_tat_ladies,0.766238425926
057_02_00_tat_ladies,0.75693287037
058_01_00_tat_ladies,0.592337962963
058_02_00_tat_ladies,0.442407407407
059_01_00_tat_ladies,0.588425925926
059_02_00_tat_ladies,0.431319444444
061_01_00_tat_ladies,0.744594907407
061_02_00_tat_ladies,0.588217592593
062_01_00_tat_ladies,0.594525462963
062_02_00_tat_ladies,0.564988425926
063_01_00_tat_ladies,0.596967592593
063_02_00_tat_ladies,0.756481481481
064_01_00_tat_ladies,0.581747685185
064_02_00_tat_ladies,0.441076388889
065_01_00_tat_ladies,0.73818287037
066_01_00_tat_ladies,0.750509259259
066_02_00_tat_ladies,0.426261574074
067_01_00_tat_ladies,0.745127314815
067_02_00_tat_ladies,0.611423611111
068_01_00_tat_ladies,0.752326388889
068_02_00_tat_ladies,0.439560185185
069_01_00_tat_ladies,0.746423611111
069_02_00_tat_ladies,0.438773148148
070_01_00_tat_ladies,0.752858796296
071_01_00_tat_ladies,0.776666666667
071_02_00_tat_ladies,0.433796296296
072_01_00_tat_ladies,0.59505787037
073_01_00_tat_ladies,0.711736111111
073_02_00_tat_ladies,0.707048611111
074_01_00_tat_ladies,0.53287037037
075_02_00_tat_ladies,0.573148148148
076_02_00_tat_ladies,0.450648148148
077_01_00_tat_ladies,0.544895833333
078_01_00_tat_ladies,0.732789351852
035_01_00_tat_men,0.787962962963
037_01_00_tat_men,0.625046296296
038_01_00_tat_men,0.62681712963
038_02_00_tat_men,0.695381944444
039_01_00_tat_men,0.6315625
039_02_00_tat_men,0.454525462963
040_01_00_tat_men,0.796793981481
041_01_00_tat_men,0.661018518519
041_02_00_tat_men,0.463321759259
042_01_00_tat_men,0.611458333333
042_02_00_tat_men,0.771944444444
043_01_00_tat_men,0.625775462963
043_02_00_tat_men,0.646793981481
044_01_00_tat_men,0.635810185185
044_02_00_tat_men,0.457326388889
045_01_00_tat_men,0.796238425926
045_02_00_tat_men,0.478958333333
046_01_00_tat_men,0.803530092593
046_02_00_tat_men,0.480949074074
047_01_00_tat_men,0.8071875
047_02_00_tat_men,0.525844907407
048_01_00_tat_men,0.640902777778
048_02_00_tat_men,0.460532407407
049_01_00_tat_men,0.80375
049_02_00_tat_men,0.473009259259
050_01_00_tat_men,0.640520833333
050_02_00_tat_men,0.463148148148
051_01_00_tat_men,0.787071759259
051_02_00_tat_men,0.804490740741
052_01_00_tat_men,0.779409722222
052_02_00_tat_men,0.479236111111
053_01_00_tat_men,0.637962962963
054_01_00_tat_men,0.651157407407
054_02_00_tat_men,0.475960648148
055_01_00_tat_men,0.631990740741
055_02_00_tat_men,0.449016203704
056_01_00_tat_men,0.632604166667
056_02_00_tat_men,0.473402777778
057_01_00_tat_men,0.797326388889
057_02_00_tat_men,0.815405092593
040_02_00_tat_men,0.469409722222
053_02_00_tat_men,0.456006944444
062_02_00_tat_men,0.610555555556
071_02_00_tat_men,0.488449074074
058_01_00_tat_men,0.639282407407
058_02_00_tat_men,0.469224537037
059_01_00_tat_men,0.64162037037
059_02_00_tat_men,0.45806712963
060_01_00_tat_men,0.643321759259
061_01_00_tat_men,0.793391203704
061_02_00_tat_men,0.614837962963
062_01_00_tat_men,0.621689814815
063_01_00_tat_men,0.619895833333
063_02_00_tat_men,0.800891203704
064_01_00_tat_men,0.611296296296
064_02_00_tat_men,0.491909722222
065_01_00_tat_men,0.76650462963
065_02_00_tat_men,0.634606481481
066_01_00_tat_men,0.797303240741
066_02_00_tat_men,0.451377314815
067_01_00_tat_men,0.771388888889
067_02_00_tat_men,0.65537037037
068_01_00_tat_men,0.799641203704
068_02_00_tat_men,0.467361111111
069_01_00_tat_men,0.783900462963
069_02_00_tat_men,0.465810185185
070_01_00_tat_men,0.804548611111
071_01_00_tat_men,0.810162037037
072_01_00_tat_men,0.62037037037
073_01_00_tat_men,0.760393518519
073_02_00_tat_men,0.733819444444
074_01_00_tat_men,0.578298611111
075_02_00_tat_men,0.622106481481
076_02_00_tat_men,0.499826388889
077_01_00_tat_men,0.590659722222
078_01_00_tat_men,0.769513888889
035_01_00_tat_nanny,0.7896875
037_01_00_tat_nanny,0.627395833333
038_01_00_tat_nanny,0.628587962963
038_02_00_tat_nanny,0.697337962963
039_01_00_tat_nanny,0.632905092593
039_02_00_tat_nanny,0.455891203704
040_01_00_tat_nanny,0.798541666667
041_01_00_tat_nanny,0.662789351852
041_02_00_tat_nanny,0.465277777778
042_01_00_tat_nanny,0.613194444444
042_02_00_tat_nanny,0.773912037037
043_01_00_tat_nanny,0.627372685185
043_02_00_tat_nanny,0.648668981481
044_01_00_tat_nanny,0.637407407407
044_02_00_tat_nanny,0.458877314815
045_01_00_tat_nanny,0.79787037037
045_02_00_tat_nanny,0.480636574074
046_01_00_tat_nanny,0.80525462963
046_02_00_tat_nanny,0.482662037037
047_01_00_tat_nanny,0.809039351852
047_02_00_tat_nanny,0.527662037037
048_01_00_tat_nanny,0.6421875
048_02_00_tat_nanny,0.461793981481
049_01_00_tat_nanny,0.805243055556
049_02_00_tat_nanny,0.474594907407
050_01_00_tat_nanny,0.641944444444
050_02_00_tat_nanny,0.464282407407
051_01_00_tat_nanny,0.788333333333
051_02_00_tat_nanny,0.805891203704
052_01_00_tat_nanny,0.781018518519
052_02_00_tat_nanny,0.479699074074
053_01_00_tat_nanny,0.639548611111
054_01_00_tat_nanny,0.654340277778
054_02_00_tat_nanny,0.477824074074
055_01_00_tat_nanny,0.633472222222
055_02_00_tat_nanny,0.450543981481
056_01_00_tat_nanny,0.634224537037
056_02_00_tat_nanny,0.474872685185
057_01_00_tat_nanny,0.798969907407
057_02_00_tat_nanny,0.817303240741
040_02_00_tat_nanny,0.47125
053_02_00_tat_nanny,0.457523148148
062_02_00_tat_nanny,0.6121875
058_01_00_tat_nanny,0.641006944444
058_02_00_tat_nanny,0.470960648148
059_01_00_tat_nanny,0.643252314815
059_02_00_tat_nanny,0.459710648148
060_01_00_tat_nanny,0.644953703704
061_01_00_tat_nanny,0.795127314815
061_02_00_tat_nanny,0.616469907407
062_01_00_tat_nanny,0.623263888889
063_01_00_tat_nanny,0.621331018519
063_02_00_tat_nanny,0.802534722222
064_01_00_tat_nanny,0.612719907407
064_02_00_tat_nanny,0.493217592593
065_01_00_tat_nanny,0.768842592593
065_02_00_tat_nanny,0.636342592593
066_01_00_tat_nanny,0.799305555556
066_02_00_tat_nanny,0.452928240741
067_01_00_tat_nanny,0.773043981481
067_02_00_tat_nanny,0.657083333333
068_01_00_tat_nanny,0.801168981481
068_02_00_tat_nanny,0.469016203704
069_01_00_tat_nanny,0.785532407407
070_01_00_tat_nanny,0.806168981481
071_01_00_tat_nanny,0.812013888889
071_02_00_tat_nanny,0.4903125
072_01_00_tat_nanny,0.621956018519
073_01_00_tat_nanny,0.761990740741
073_02_00_tat_nanny,0.735393518519
074_01_00_tat_nanny,0.579791666667
075_02_00_tat_nanny,0.623726851852
076_02_00_tat_nanny,0.501435185185
077_01_00_tat_nanny,0.592361111111
078_01_00_tat_nanny,0.771412037037
035_01_00_toilet,0.748854166667
036_01_00_toilet,0.663946759259
037_01_00_toilet,0.584571759259
037_02_00_toilet,0.435347222222
038_01_00_toilet,0.587685185185
038_02_00_toilet,0.618159722222
039_01_00_toilet,0.598622685185
040_01_00_toilet,0.751053240741
040_02_00_toilet,0.431956018519
041_01_00_toilet,0.616064814815
041_02_00_toilet,0.418587962963
042_01_00_toilet,0.573125
042_02_00_toilet,0.740821759259
043_01_00_toilet,0.586400462963
043_02_00_toilet,0.611041666667
044_01_00_toilet,0.605960648148
044_02_00_toilet,0.425358796296
045_01_00_toilet,0.759583333333
045_02_00_toilet,0.450046296296
046_01_00_toilet,0.772199074074
046_02_00_toilet,0.440555555556
047_01_00_toilet,0.760185185185
047_02_00_toilet,0.477314814815
048_01_00_toilet,0.606967592593
048_02_00_toilet,0.426099537037
049_01_00_toilet,0.771238425926
049_02_00_toilet,0.436539351852
050_01_00_toilet,0.607881944444
050_02_00_toilet,0.427407407407
051_01_00_toilet,0.750787037037
051_02_00_toilet,0.770983796296
052_01_00_toilet,0.748090277778
052_02_00_toilet,0.447037037037
053_01_00_toilet,0.605902777778
053_02_00_toilet,0.422395833333
054_01_00_toilet,0.611736111111
054_02_00_toilet,0.435717592593
055_01_00_toilet,0.602280092593
055_02_00_toilet,0.417303240741
056_01_00_toilet,0.602141203704
056_02_00_toilet,0.442210648148
057_01_00_toilet,0.758333333333
057_02_00_toilet,0.776886574074
058_01_00_toilet,0.607349537037
058_02_00_toilet,0.43306712963
059_01_00_toilet,0.603217592593
059_02_00_toilet,0.422615740741
060_01_00_toilet,0.612488425926
061_01_00_toilet,0.760636574074
061_02_00_toilet,0.580231481481
039_02_00_toilet,0.420844907407
066_02_00_toilet,0.419270833333
071_01_00_toilet,0.766076388889
062_01_00_toilet,0.586585648148
062_02_00_toilet,0.579918981481
063_01_00_toilet,0.588946759259
063_02_00_toilet,0.77125
064_01_00_toilet,0.573668981481
064_02_00_toilet,0.458113425926
065_01_00_toilet,0.72962962963
065_02_00_toilet,0.604537037037
066_01_00_toilet,0.764131944444
067_01_00_toilet,0.737060185185
067_02_00_toilet,0.625752314815
068_01_00_toilet,0.767592592593
068_02_00_toilet,0.431296296296
069_01_00_toilet,0.759050925926
069_02_00_toilet,0.43150462963
070_01_00_toilet,0.768819444444
071_02_00_toilet,0.45099537037
072_01_00_toilet,0.586689814815
073_01_00_toilet,0.727569444444
073_02_00_toilet,0.697222222222
074_01_00_toilet,0.547615740741
075_02_00_toilet,0.587546296296
076_02_00_toilet,0.465578703704
077_01_00_toilet,0.558877314815
036_01_00_traffic,0.70787037037
037_02_00_traffic,0.465509259259
038_02_00_traffic,0.656655092593
036_01_00_tv,0.698923611111
037_02_00_tv,0.458854166667
035_01_00_vomit,0.746666666667
036_01_00_vomit,0.661967592593
037_01_00_vomit,0.581851851852
037_02_00_vomit,0.432662037037
038_01_00_vomit,0.585694444444
038_02_00_vomit,0.615081018519
039_01_00_vomit,0.596701388889
040_01_00_vomit,0.748402777778
040_02_00_vomit,0.428865740741
041_01_00_vomit,0.612303240741
041_02_00_vomit,0.41556712963
042_01_00_vomit,0.571296296296
042_02_00_vomit,0.738530092593
043_01_00_vomit,0.584143518519
043_02_00_vomit,0.608391203704
044_01_00_vomit,0.603946759259
044_02_00_vomit,0.423391203704
045_01_00_vomit,0.757222222222
045_02_00_vomit,0.447465277778
046_01_00_vomit,0.76943287037
046_02_00_vomit,0.438078703704
047_01_00_vomit,0.757268518519
047_02_00_vomit,0.472824074074
048_01_00_vomit,0.60443287037
048_02_00_vomit,0.424178240741
049_01_00_vomit,0.768275462963
049_02_00_vomit,0.431377314815
050_01_00_vomit,0.604224537037
050_02_00_vomit,0.4240625
051_01_00_vomit,0.748599537037
051_02_00_vomit,0.768634259259
052_01_00_vomit,0.745821759259
052_02_00_vomit,0.444710648148
053_01_00_vomit,0.603576388889
053_02_00_vomit,0.420451388889
054_01_00_vomit,0.608854166667
054_02_00_vomit,0.428680555556
055_01_00_vomit,0.599548611111
055_02_00_vomit,0.414976851852
056_01_00_vomit,0.600011574074
056_02_00_vomit,0.4403125
057_01_00_vomit,0.756400462963
057_02_00_vomit,0.774247685185
058_01_00_vomit,0.60474537037
058_02_00_vomit,0.430300925926
059_01_00_vomit,0.600856481481
059_02_00_vomit,0.420451388889
060_01_00_vomit,0.610347222222
061_01_00_vomit,0.758368055556
061_02_00_vomit,0.577986111111
039_02_00_vomit,0.418472222222
070_01_00_vomit,0.766006944444
062_01_00_vomit,0.584537037037
062_02_00_vomit,0.577962962963
063_01_00_vomit,0.586863425926
063_02_00_vomit,0.76869212963
064_01_00_vomit,0.571099537037
064_02_00_vomit,0.454525462963
065_01_00_vomit,0.72724537037
065_02_00_vomit,0.6021875
066_01_00_vomit,0.761990740741
066_02_00_vomit,0.417407407407
067_01_00_vomit,0.735046296296
067_02_00_vomit,0.623761574074
068_01_00_vomit,0.765069444444
068_02_00_vomit,0.428900462963
069_01_00_vomit,0.757048611111
069_02_00_vomit,0.429756944444
071_01_00_vomit,0.763668981481
071_02_00_vomit,0.448449074074
072_01_00_vomit,0.584456018519
073_01_00_vomit,0.724456018519
073_02_00_vomit,0.694270833333
074_01_00_vomit,0.544907407407
075_02_00_vomit,0.585300925926
076_02_00_vomit,0.462905092593
077_01_00_vomit,0.556759259259
